word|function|count
ὁ|subj|1003
ὅς|subj|838
ἐγώ|subj|629
τις|subj|448
σύ|subj|427
Ὀδυσσεύς|subj|339
ἀνήρ|subj|336
θεός|subj|313
Ἀχαιός|subj|276
Ἀχιλλεύς|subj|275
Ζεύς|subj|259
θυμός|subj|248
Ἕκτωρ|subj|233
Ἀθήνη|subj|206
υἱός|subj|205
Τρώς|subj|194
Ἀπόλλων|subj|168
ἵππος|subj|156
ἑταῖρος|subj|148
Αἴας|subj|146
ἄλλος|subj|146
πᾶς|subj|142
μήτηρ|subj|138
λαός|subj|135
πατήρ|subj|133
Ἀγαμέμνων|subj|132
Μενέλαος|subj|130
παῖς|subj|130
ὅσος|subj|123
κῦμα|subj|118
αὐτός|subj|113
Τηλέμαχος|subj|111
ναῦς|subj|110
γέρων|subj|109
μένος|subj|103
Ποσειδεών|subj|102
κύων|subj|101
γυνή|subj|101
ἦτορ|subj|101
Ἥρα|subj|98
ἠώς|subj|95
ὕπνος|subj|95
ὅδε|subj|94
Κρονίων|subj|93
δαίμων|subj|92
οὗτος|subj|90
ἐκεῖνος|subj|89
Ἀργεῖος|subj|87
μιν|subj|83
ἔργον|subj|82
πολύς|subj|82
Πάτροκλος|subj|81
Ἄρης|subj|81
ἄριστος|subj|79
λέων|subj|79
Ἀτρείδης|subj|79
ξένος|subj|78
ἄχος|subj|77
μνηστήρ|subj|74
κεῖνος|subj|73
Πρίαμος|subj|70
καρδία|subj|69
ἠέλιος|subj|67
Ἀντίλοχος|subj|66
γαῖα|subj|64
τεῦχος|subj|59
Ἰδομενεύς|subj|59
ἄνεμος|subj|58
συβώτης|subj|58
δόρυ|subj|57
νόος|subj|57
κῆρυξ|subj|56
Νέστωρ|subj|55
νύξ|subj|54
κῆρ|subj|54
Ἥφαιστος|subj|54
Μηριόνης|subj|54
Τυδείδης|subj|54
Ἐπειός|subj|54
χαλκός|subj|53
Αἰνείας|subj|53
ἄλοχος|subj|52
ψυχή|subj|52
Διομήδης|subj|52
θεά|subj|51
ὕδωρ|subj|51
αἷμα|subj|51
γυῖον|subj|51
βέλος|subj|50
γόνυ|subj|50
θεράπων|subj|50
ποταμός|subj|50
ἔγχος|subj|49
βροτός|subj|48
|subj|48
πῦρ|subj|48
πόλις|subj|48
κλέος|subj|47
χείρ|subj|47
ἕκαστος|subj|47
μοῖρα|subj|46
Πηλείδης|subj|46
ἄναξ|subj|44
ἕ|subj|44
Ἑρμῆς|subj|43
χόλος|subj|43
νέος|subj|43
Θέτις|subj|42
ἦμαρ|subj|42
δμωή|subj|42
Ἀφροδίτη|subj|41
Πηνελόπεια|subj|41
φρήν|subj|40
Ἶρις|subj|40
ὕλη|subj|40
Δαναοί|subj|40
Πηλεύς|subj|40
Κρονίδης|subj|39
ὀιστός|subj|39
ὅστις|subj|39
ὗς|subj|39
βία|subj|39
Ἄρτεμις|subj|38
ἥρως|subj|38
Φαίαξ|subj|38
πόσις|subj|38
πόλεμος|subj|37
Ἀλέξανδρος|subj|37
ὄσσε|subj|37
βασιλεύς|subj|36
ὥρα|subj|36
ἴς|subj|36
τεῖχος|subj|35
θύελλα|subj|35
ἀθάνατος|subj|35
ἀοιδός|subj|35
γραῦς|subj|35
ἕτερος|subj|35
θάλασσα|subj|35
Ἀλκίνοος|subj|35
εἰμί|subj|34
ἅπας|subj|34
Ἐννοσίγαιος|subj|34
αἰχμή|subj|34
Κίρκη|subj|33
ἀμφίπολος|subj|32
πέτρα|subj|32
χρώς|subj|32
ἔρις|subj|31
ἄμφω|subj|31
Τεῦκρος|subj|31
χρεώ|subj|30
γῆρας|subj|30
Ὀλύμπιος|subj|30
ἀλκή|subj|30
οἷος|subj|30
γεραιός|subj|29
πούς|subj|29
νεῖκος|subj|29
οἶνος|subj|29
Λαέρτης|subj|29
μῦθος|subj|29
μάχομαι|subj|29
βοῦς|subj|28
θάνατος|subj|28
κακός|subj|28
Κύκλωψ|subj|28
πόνος|subj|28
νέφος|subj|28
ἄελλα|subj|27
κάρα|subj|27
ἰός|subj|27
θυγάτηρ|subj|27
χθών|subj|27
οὐρανός|subj|27
κοῦρος|subj|26
ἀσπίς|subj|26
κόρη|subj|26
φόβος|subj|26
ἱκνέομαι|subj|26
δέος|subj|26
Μυρμιδόνες|subj|26
ἔτος|subj|26
ἄνθρωπος|subj|26
Νότος|subj|26
ἀετός|subj|26
εὐνή|subj|26
Αἴγισθος|subj|25
ἀγορά|subj|25
τρόμος|subj|25
ποιμήν|subj|25
μάχη|subj|25
αἰών|subj|24
κῆδος|subj|24
φώς|subj|24
κόρυς|subj|24
δμώς|subj|24
δῖος|subj|24
Αὐτομέδων|subj|24
ἄλγος|subj|24
νύμφη|subj|23
ἔπος|subj|23
πένθος|subj|23
μείς|subj|23
Ἐνοσίχθων|subj|23
Ἑλένη|subj|23
ἄρουρα|subj|23
ἐπίκουρος|subj|23
τέλος|subj|22
ἀυτή|subj|22
Σαρπηδών|subj|22
φάος|subj|22
νόστος|subj|22
Πουλυδάμας|subj|22
φωνή|subj|22
δῶμα|subj|22
μῆλον|subj|22
καπνός|subj|22
Ἀντίνοος|subj|22
Ἀρήτη|subj|22
οἶκος|subj|21
Ἀργειφόντης|subj|21
ὄμβρος|subj|21
θέμις|subj|21
ἀστήρ|subj|21
Δηίφοβος|subj|21
βουλή|subj|21
κόρος|subj|21
κήρ|subj|21
οἰωνός|subj|20
ὄλεθρος|subj|20
ἵμερος|subj|20
ὁπότερος|subj|20
σθένος|subj|20
ἀμφότερος|subj|20
οὖρος|subj|20
κάματος|subj|20
τόξον|subj|20
ἔθνος|subj|20
ὄρνις|subj|20
ἰαχή|subj|19
φάλαγξ|subj|19
Ζέφυρος|subj|19
ἡγήτωρ|subj|19
ἡνίοχος|subj|19
γενεά|subj|19
δάκρυον|subj|19
Εὖρος|subj|19
Μοῦσα|subj|18
δένδρεον|subj|18
πόντος|subj|18
ἀκωκή|subj|18
νεκρός|subj|18
ἀυτμή|subj|18
τάφρος|subj|17
Εὐρυνόμη|subj|17
αὐγή|subj|17
δόμος|subj|17
δῶρον|subj|17
λύκος|subj|17
πύλη|subj|17
ἡμέρα|subj|17
κνέφας|subj|17
ὄσσα|subj|17
ποθή|subj|17
ἔχω|subj|17
τέκτων|subj|17
ταμία|subj|17
ἐγκέφαλος|subj|17
ἱππεύς|subj|17
Ἴλιος|subj|17
αἶσα|subj|17
ῥεῖθρον|subj|17
Ἄσιος|subj|16
Μέντωρ|subj|16
θώραξ|subj|16
κόμπος|subj|16
σέλας|subj|16
Τληπόλεμος|subj|16
φλόξ|subj|16
ὑφορβός|subj|16
ἰχθύς|subj|16
μέδων|subj|16
φῦλον|subj|16
κασίγνητος|subj|16
Ἰδαῖος|subj|15
θνήσκω|subj|15
ῥινός|subj|15
Χείρων|subj|15
βίοτος|subj|15
χῶρος|subj|15
πύργος|subj|15
ἄτη|subj|15
Ἀμφίνομος|subj|15
κράτος|subj|15
θρίξ|subj|15
βωμός|subj|15
ἀνάγκη|subj|15
ὀστέον|subj|15
Λύκιοι|subj|15
Πάρις|subj|15
ἱδρώς|subj|15
ὅμιλος|subj|15
γάμος|subj|15
ὁδός|subj|15
ὀδύνη|subj|14
βιός|subj|14
Γλαῦκος|subj|14
Εὐρύλοχος|subj|14
γένος|subj|14
κτῆμα|subj|14
σκότος|subj|14
εἷμα|subj|14
ὅρκιον|subj|14
ὄρος|subj|14
μῆτις|subj|14
ἐνιαυτός|subj|14
ἀκτή|subj|14
ἄστρον|subj|14
Βορέας|subj|14
Σκάμανδρος|subj|14
κεφαλή|subj|14
δῆμος|subj|14
ἅρμα|subj|13
χαίτη|subj|13
λίς|subj|13
ὀφθαλμός|subj|13
δράκων|subj|13
βασίλεια|subj|13
Ἀγήνωρ|subj|13
φιλότης|subj|13
φεύγω|subj|13
δεσμός|subj|13
ὁδίτης|subj|13
νεβρός|subj|13
πτωχός|subj|13
πλεῖστος|subj|13
ἔτης|subj|13
θάλαμος|subj|13
Ἐρινύς|subj|13
Καλυψώ|subj|13
ἡνία|subj|13
τρυφάλεια|subj|13
ταῦρος|subj|12
ἕκτωρ|subj|12
γῆ|subj|12
σκέπας|subj|12
Ἀμφιτρίτη|subj|12
σανίς|subj|12
μῆνις|subj|12
Περσεφόνεια|subj|12
Σκύλλα|subj|12
ἀρετή|subj|12
Μενοίτιος|subj|12
λόφος|subj|12
λουτρόν|subj|12
ἄγγελος|subj|12
τράπεζα|subj|12
Νηλεύς|subj|12
σῆμα|subj|12
Ἶρος|subj|12
Μέγης|subj|12
στήλη|subj|12
σάκος|subj|12
ῥόος|subj|12
ἀμφιγύεις|subj|12
στίξ|subj|12
ὀσμή|subj|12
Πηνέλεως|subj|12
λιμός|subj|12
ἤκεστος|subj|12
ἀφρός|subj|12
νέμεσις|subj|12
Λητώ|subj|12
Δολίος|subj|12
οἰνοχόος|subj|12
κομιδή|subj|11
ὅμαδος|subj|11
ἀγός|subj|11
νόημα|subj|11
φόνος|subj|11
οὐδός|subj|11
ἐγχείη|subj|11
ἀρνός|subj|11
δύο|subj|11
πεῖραρ|subj|11
ἐρωή|subj|11
Μέδων|subj|11
νιφάς|subj|11
εἷς|subj|11
νέκυς|subj|11
τείρω|subj|11
παρθένος|subj|11
πάταγος|subj|11
χερείων|subj|11
ὄνειρος|subj|11
κρήνη|subj|11
Τρωιός|subj|11
χιών|subj|11
εἶδον|subj|11
νεφέλη|subj|11
τίς|subj|11
εἶμι|subj|11
πνοή|subj|11
λίθος|subj|11
Θυέστης|subj|10
ἡμίονος|subj|10
παῦρος|subj|10
Δεῖμος|subj|10
νίκη|subj|10
ὀχεύς|subj|10
ζυγόν|subj|10
χάρμη|subj|10
̓ὀδυσσεύς|subj|10
φύλοπις|subj|10
αἴγλη|subj|10
οἶδα|subj|10
πρών|subj|10
δρῦς|subj|10
ἀπάλαλκε|subj|10
μεταλλάω|subj|10
ἔρομαι|subj|10
δύναμις|subj|10
ἱστός|subj|10
χρέος|subj|10
στῆθος|subj|10
Εἰλείθυια|subj|10
βοή|subj|10
βρῶσις|subj|10
Ἀνδρομάχη|subj|10
ἔαρ|subj|10
πήληξ|subj|10
ξίφος|subj|10
ὄις|subj|10
ἀκούω|subj|10
ἀήτης|subj|10
πτώξ|subj|10
ἀμείβω|subj|10
τόσος|subj|10
Χάρις|subj|10
φέρω|subj|10
πῆμα|subj|10
ἀπόλλυμι|subj|9
ἀλοιφή|subj|9
τέκνον|subj|9
Κάλχας|subj|9
ὦμος|subj|9
λιμήν|subj|9
κλαγγή|subj|9
γύψ|subj|9
αἱρέω|subj|9
τελευτή|subj|9
πεδίον|subj|9
δεκάς|subj|9
δωδέκατος|subj|9
νέομαι|subj|9
μέλισσα|subj|9
τανύω|subj|9
παρειά|subj|9
ἑταιρίζω|subj|9
Ναυσικάα|subj|9
κτύπος|subj|9
φίλος|subj|9
ἁλιεύς|subj|9
τοκεύς|subj|9
κόλπος|subj|9
κηδεμών|subj|9
Φοῖνιξ|subj|9
ἔλδωρ|subj|9
κνήμη|subj|9
κειμήλιον|subj|9
οἰκίον|subj|9
κλείς|subj|9
πεζός|subj|9
Πείσανδρος|subj|9
Θρασυμήδης|subj|9
Αὐτόλυκος|subj|9
Εὐρύμαχος|subj|9
ᾍδης|subj|9
Σιμόεις|subj|9
ζεύς|subj|9
κάρηνον|subj|9
πέλεια|subj|9
κόνις|subj|9
Θόας|subj|9
πολίτης|subj|9
κεραυνός|subj|9
παράκοιτις|subj|9
ἀριστεύς|subj|9
εὐχωλή|subj|9
ἕδος|subj|9
ὄνομα|subj|9
κάκη|subj|9
δαιτυμών|subj|9
κάρτος|subj|9
ἔρσα|subj|9
δίδωμι|subj|9
Ἑκάβη|subj|9
νομεύς|subj|9
τέμενος|subj|9
χλαῖνα|subj|9
ῥῆγος|subj|9
μυῖα|subj|9
ὄνθος|subj|8
Ἀλκμήνη|subj|8
ἄγαλμα|subj|8
Ἅρπυιαι|subj|8
Εὐρύκλεια|subj|8
γίγνομαι|subj|8
ἵημι|subj|8
ἔρως|subj|8
ἡγεμών|subj|8
δαιτρός|subj|8
κοῖτος|subj|8
σφήξ|subj|8
ἀοσσητήρ|subj|8
νῆμα|subj|8
γέλως|subj|8
δαμάζω|subj|8
ἀχλύς|subj|8
Σθένελος|subj|8
ἕλκος|subj|8
αἰζηός|subj|8
αἴγειρος|subj|8
πίνω|subj|8
ἀήρ|subj|8
χάρις|subj|8
ὀρυμαγδός|subj|8
Ἰφιδάμας|subj|8
Τυδεύς|subj|8
ῥόπαλον|subj|8
Ξάνθος|subj|8
κεῖμαι|subj|8
γλάγος|subj|8
ἦδος|subj|8
Εὔμηλος|subj|8
ἄκων|subj|8
αἰδώς|subj|8
σκοπός|subj|8
δάω|subj|8
ἔλαιον|subj|8
δάπεδον|subj|8
τίθημι|subj|8
ἀρδμός|subj|8
δόλος|subj|8
κλῆρος|subj|8
Ἱππόλοχος|subj|8
χρυσός|subj|8
Λυκομήδης|subj|8
μέθυ|subj|8
πλείων|subj|8
κονία|subj|8
Ἑκαμήδη|subj|8
Λυκοῦργος|subj|8
Κλυταιμνήστρη|subj|8
ἑκηβόλος|subj|8
ὄργυια|subj|8
Φύλας|subj|8
υἱωνός|subj|8
ὁράω|subj|7
̓ἀθήνη|subj|7
Σειρήν|subj|7
θίς|subj|7
ἕρκος|subj|7
καλέω|subj|7
μήνη|subj|7
Πολυποίτης|subj|7
ὦχρος|subj|7
ὑσμίνη|subj|7
παρέρχομαι|subj|7
Πεισίστρατος|subj|7
θάμβος|subj|7
Κύπρις|subj|7
Πείραιος|subj|7
σφεῖς|subj|7
αἰθήρ|subj|7
αἰγυπιός|subj|7
Ὠκεανός|subj|7
ἀμύνω|subj|7
αὐλή|subj|7
μῆρα|subj|7
φειδώ|subj|7
τοῖχος|subj|7
ἆθλος|subj|7
λέβης|subj|7
σώζω|subj|7
ἤια|subj|7
Φιλοίτιος|subj|7
μελία|subj|7
λέχος|subj|7
πέλαγος|subj|7
φυλακτήρ|subj|7
θείνω|subj|7
Κίκονες|subj|7
ἑνδέκατος|subj|7
δέμνιον|subj|7
θύρετρα|subj|7
δέρμα|subj|7
ἐφέπω|subj|7
στόνος|subj|7
οὖρον|subj|7
φόρμιγξ|subj|7
ἀμφικαλύπτω|subj|7
λόχος|subj|7
ἥμισυς|subj|7
Ἀντήνωρ|subj|7
λοχάω|subj|7
σέβας|subj|7
εἶδος|subj|7
γέρας|subj|7
κυανοχαίτης|subj|7
εὐφροσύνη|subj|7
δέπας|subj|7
ἀνεψιός|subj|7
εὕδω|subj|7
μάντις|subj|7
θηρατήρ|subj|7
ἱέραξ|subj|7
θρῆνυς|subj|7
προίημι|subj|7
Οἰνεύς|subj|7
θάμνος|subj|7
παρέχω|subj|7
κυνέη|subj|7
σπέος|subj|7
λᾶας|subj|7
ζωστήρ|subj|7
Ὀρέστης|subj|7
γόνος|subj|7
ποινή|subj|7
γαστήρ|subj|7
σίδηρος|subj|7
ἥβη|subj|6
μοχλός|subj|6
ἀλλήλων|subj|6
κυδοιμός|subj|6
Ναυσίθοος|subj|6
ἀρχός|subj|6
Κρόνος|subj|6
κολώνη|subj|6
Θεοκλύμενος|subj|6
Ἀγέλαος|subj|6
ἕσπερος|subj|6
Πόλυβος|subj|6
φειδωλή|subj|6
φιλέω|subj|6
μισθός|subj|6
ἀποκρύπτω|subj|6
δίφρος|subj|6
δείελος|subj|6
εὐλή|subj|6
πονέω|subj|6
πίσσα|subj|6
τέρας|subj|6
μεσόδμη|subj|6
δίκη|subj|6
ἄχνη|subj|6
ἀπωθέω|subj|6
δοῦπος|subj|6
Νεστορίδης|subj|6
Εὐρύπυλος|subj|6
νυκτερίς|subj|6
Ταλθύβιος|subj|6
Βρισηίς|subj|6
Τυχίος|subj|6
ἐλπωρή|subj|6
γαλήνη|subj|6
κυβερνήτης|subj|6
ἵστημι|subj|6
ὑπαλύσκω|subj|6
ἄντυξ|subj|6
αἴθρη|subj|6
φῦσα|subj|6
Ἕλενος|subj|6
ἐλαύνω|subj|6
λάχνη|subj|6
σημάντωρ|subj|6
πέλεκυς|subj|6
ἔρδω|subj|6
Δημήτηρ|subj|6
Θερσίτης|subj|6
Πηλείων|subj|6
Ποντόνοος|subj|6
ἀρνειός|subj|6
δίψα|subj|6
Εὐρύαλος|subj|6
Ἁλιθέρσης|subj|6
Φυλείδης|subj|6
οἰμωγή|subj|6
δαίς|subj|6
ἀοιδή|subj|6
σκῆπτρον|subj|6
οὖς|subj|6
πενθέω|subj|6
ἄχθος|subj|6
ἆθλον|subj|6
Ἱπποδάμεια|subj|6
ἀγυιά|subj|6
στόμα|subj|6
πλυνός|subj|6
ἀλωή|subj|6
λειμών|subj|6
Εὔρυτος|subj|6
λείπω|subj|6
κνῖσα|subj|6
κίχλη|subj|6
βρόχος|subj|6
Σιδόνες|subj|6
ἄλη|subj|6
φάρμακον|subj|6
τοιοῦτος|subj|6
Ἄντιφος|subj|6
ἄμαξα|subj|6
νῆσος|subj|6
ἰκμάς|subj|5
λύσσα|subj|5
νικάω|subj|5
ἀλεγύνω|subj|5
ἅλμη|subj|5
Μαχάων|subj|5
αὐδή|subj|5
ῥινόν|subj|5
ἔργω|subj|5
πτολίεθρον|subj|5
Ὑρμίνη|subj|5
Μύρσινος|subj|5
Ἀλήσιον|subj|5
Ἀκάμας|subj|5
φημί|subj|5
θύρα|subj|5
τοιόσδε|subj|5
μίμνω|subj|5
ἅδος|subj|5
ὠθέω|subj|5
Πολίτης|subj|5
εὔκλεια|subj|5
μνῆστις|subj|5
ὄλλυμι|subj|5
τιμή|subj|5
φάτις|subj|5
Ἀγχίσης|subj|5
̓ἀλέξανδρος|subj|5
λοιγός|subj|5
ὑπείκω|subj|5
γνωτός|subj|5
σκοπιά|subj|5
νάπη|subj|5
ἑστία|subj|5
χειμών|subj|5
ἄγγος|subj|5
μόρος|subj|5
ὄναρ|subj|5
ἐφετμή|subj|5
πυγούσιος|subj|5
Ὄλυμπος|subj|5
ἔδω|subj|5
χήν|subj|5
δρόμος|subj|5
Ἀιδωνεύς|subj|5
ἔκβασις|subj|5
ἀδελφός|subj|5
πίθος|subj|5
εὐεργεσία|subj|5
μέτωπον|subj|5
πολύφρων|subj|5
ἕξ|subj|5
Δόλων|subj|5
μέγας|subj|5
Χρομίος|subj|5
ὀλοοίτροχος|subj|5
Ἥβη|subj|5
Μυσός|subj|5
Σελλοί|subj|5
πρόβατον|subj|5
Βοιωτός|subj|5
ναίω|subj|5
Φυλώ|subj|5
αἴας|subj|5
ὁμίχλη|subj|5
παρήιον|subj|5
πυνθάνομαι|subj|5
ἐσθλός|subj|5
ἀράομαι|subj|5
διογενής|subj|5
χαράδρα|subj|5
Αἶσα|subj|5
κυβιστητήρ|subj|5
ἀροτήρ|subj|5
αὐλός|subj|5
πινυτή|subj|5
παρεξέρχομαι|subj|5
ἁλιόω|subj|5
Κυλλοποδίων|subj|5
βούβρωστις|subj|5
αἴξ|subj|5
πείθω|subj|5
πτωσκάζω|subj|5
ἄστυ|subj|5
συφορβός|subj|5
ἀμφασίη|subj|5
ναύτης|subj|5
φαρέτρα|subj|5
ἐρετμόν|subj|5
κανών|subj|5
εἴδωλον|subj|5
πρότερος|subj|5
μυών|subj|5
Ῥαδάμανθυς|subj|5
βιοτή|subj|5
ἐποτρύνω|subj|5
κατερύκω|subj|5
Μεσαύλιος|subj|5
Λαομέδων|subj|5
ἅπτω|subj|5
ἀγαθός|subj|5
Ἐνιῆνες|subj|5
Περαιβοί|subj|5
Εὔνηος|subj|5
στέμμα|subj|5
ἄω|subj|5
ῥιπή|subj|5
καταθάπτω|subj|5
ἕννυμι|subj|5
ἀφαυρός|subj|5
Ἄρητος|subj|5
σχεδία|subj|5
θώς|subj|5
ὁρμάω|subj|5
Λαοθόη|subj|5
ἐνίσσω|subj|5
γονή|subj|5
Μελανθώ|subj|5
ἔθειρα|subj|5
γλῶσσα|subj|5
λίσσομαι|subj|5
Τυρώ|subj|5
Μυκήνη|subj|5
ἱππόδρομος|subj|5
τόκος|subj|5
ἄξων|subj|5
πτερόν|subj|5
Ἄδρηστος|subj|5
σῖτος|subj|5
δάιος|subj|5
ἄλσος|subj|5
ἰτέα|subj|5
χορός|subj|5
Πέλοψ|subj|5
Ἀτρεύς|subj|5
ἀκομιστία|subj|5
ἀλύσκω|subj|5
̓ἰδομενεύς|subj|5
Οὖτις|subj|5
θράσος|subj|5
ῥίζα|subj|5
ὄζος|subj|5
βοητύς|subj|5
τυδείδης|subj|5
Αἰγιάλεια|subj|5
τέταρτος|subj|5
βουκόλος|subj|5
εὐκτός|subj|4
κονίσαλος|subj|4
Κήρ|subj|4
νευρή|subj|4
μενεαίνω|subj|4
Περιμήδης|subj|4
αἰσυμνήτης|subj|4
γέφυρα|subj|4
Ἑλλήσποντος|subj|4
μηρός|subj|4
κλισία|subj|4
μάρναμαι|subj|4
φείδομαι|subj|4
κῦδος|subj|4
ἐριούνιος|subj|4
ὀμφαλός|subj|4
ὀβριμοπάτρη|subj|4
τάφος|subj|4
Φόβος|subj|4
Ὥρα|subj|4
Ἑωσφόρος|subj|4
πυρκαιά|subj|4
ἀλέομαι|subj|4
Κεβριόνης|subj|4
Κόων|subj|4
νοέω|subj|4
κινέω|subj|4
ἀναείρω|subj|4
ἀστός|subj|4
Μελέαγρος|subj|4
γηθέω|subj|4
ἀχεύω|subj|4
ῥῖγος|subj|4
φύλλον|subj|4
κλοτοπεύω|subj|4
διατρίβω|subj|4
Κουρῆτες|subj|4
Αἰτωλός|subj|4
Κήτειοι|subj|4
ἐλάτη|subj|4
κελεύω|subj|4
σπλάγχνον|subj|4
Ὡρα|subj|4
ἅψος|subj|4
οἰκεύς|subj|4
ἶψ|subj|4
πυρά|subj|4
γείτων|subj|4
στεφάνη|subj|4
τρίχα|subj|4
Ἰθακήσιος|subj|4
τίσις|subj|4
Δόλοψ|subj|4
λάμπος|subj|4
Πριαμίδης|subj|4
ἐρῆμος|subj|4
χεῖλος|subj|4
Εὐχήνωρ|subj|4
αἶνος|subj|4
ὑποκρίνομαι|subj|4
πάγος|subj|4
ἐκφεύγω|subj|4
Δαρδανίς|subj|4
ἄμητος|subj|4
στρατός|subj|4
Λήιτος|subj|4
Ἀρκεσίλαος|subj|4
Προθοήνωρ|subj|4
Κλονίος|subj|4
πόρκης|subj|4
καναχή|subj|4
εἰλαπίνη|subj|4
ὑμέναιος|subj|4
ῥαθάμιγξ|subj|4
Τροία|subj|4
ὄνος|subj|4
βῶλος|subj|4
ποθέω|subj|4
ʽἑκάεργος|subj|4
κλίσιον|subj|4
ἀμηχανία|subj|4
πάρδαλις|subj|4
κήξ|subj|4
Ἀλκιμέδων|subj|4
σελήνη|subj|4
θαλπωρή|subj|4
φύξιμος|subj|4
ὄχθη|subj|4
ἔπαλξις|subj|4
μέλω|subj|4
ἀποτίθημι|subj|4
σηκός|subj|4
ἐρεύθω|subj|4
ἀρχή|subj|4
πόα|subj|4
δετή|subj|4
πυρσός|subj|4
κάπρος|subj|4
ἀνέχω|subj|4
Χρύσης|subj|4
Ὑψιπύλη|subj|4
κίθαρις|subj|4
Ἀστεροπαῖος|subj|4
γάλοως|subj|4
εἰνάτερες|subj|4
ἄριστον|subj|4
ζώω|subj|4
Ἄβας|subj|4
ἧμαι|subj|4
ἀλαλητός|subj|4
ἠλέκτωρ|subj|4
βάλλω|subj|4
κλύδων|subj|4
βουληφόρος|subj|4
μυρίος|subj|4
σκόλοψ|subj|4
καθάπτω|subj|4
ἄνωγα|subj|4
μενέλαος|subj|4
ἴουλος|subj|4
γένυς|subj|4
Κάστωρ|subj|4
Κλῶθες|subj|4
ἁλίσκομαι|subj|4
βαίνω|subj|4
πειράω|subj|4
ὄνειδος|subj|4
Φιλοκτήτης|subj|4
πάτος|subj|4
κυνηγέτης|subj|4
ῥωχμός|subj|4
Εὔμαιος|subj|4
αἰχμητής|subj|4
Βελλεροφόντης|subj|4
πέπλος|subj|4
ἀνατολή|subj|4
θρόνος|subj|4
γιγνώσκω|subj|4
νήπιος|subj|4
Κασσάνδρη|subj|4
Καύκωνες|subj|4
Ἰάονες|subj|4
Λοκροί|subj|4
Φθῖος|subj|4
εἰσοράω|subj|4
Ὀι|subj|4
Αἰγύπτιος|subj|4
ἀνιάζω|subj|4
κολεόν|subj|4
Ἐνυώ|subj|4
μήκων|subj|4
Πρόμαχος|subj|4
ἀνάβλησις|subj|4
εὐρύκλεια|subj|4
δρηστήρ|subj|4
ἕδρα|subj|4
κεραμεύς|subj|4
Ἀκτορίων|subj|4
ξύλον|subj|4
ὀπός|subj|4
μῆχος|subj|4
εἴσοδος|subj|4
ὅπλον|subj|4
φθίω|subj|4
ἀργυρότοξος|subj|4
Αἴθη|subj|4
χύσις|subj|4
ἀλαός|subj|4
Ἴθακος|subj|4
Νήριτος|subj|4
Πολύκτωρ|subj|4
πάσχω|subj|4
κέρας|subj|4
ὕβρις|subj|4
ἀχυρμιά|subj|4
Περίφας|subj|4
κραταιίς|subj|3
θαῦμα|subj|3
προνοέω|subj|3
μετάφρενον|subj|3
ἐρέτης|subj|3
Παφλαγών|subj|3
Φρυγίη|subj|3
Ἀστυάναξ|subj|3
λήθη|subj|3
δείλη|subj|3
ἔσθος|subj|3
βάραθρον|subj|3
πόθος|subj|3
οἶκτος|subj|3
Ὀιλεύς|subj|3
ὑβρίζω|subj|3
ἥλιος|subj|3
τέφρα|subj|3
σβέννυμι|subj|3
μεθίημι|subj|3
νιφετός|subj|3
Αὐγείας|subj|3
Μενοιτιάδης|subj|3
χρῆμα|subj|3
ἀλέω|subj|3
περιναιέτης|subj|3
ἀλέα|subj|3
μυθολογεύω|subj|3
δοκός|subj|3
κίων|subj|3
πομπή|subj|3
μαίομαι|subj|3
φυγή|subj|3
ἔλαφος|subj|3
Νιόβη|subj|3
λιτή|subj|3
Μελανθεύς|subj|3
δαλός|subj|3
ὀπυίω|subj|3
ὄρχατος|subj|3
Ἀδρήστη|subj|3
Ἀλκίππη|subj|3
Κύδωνες|subj|3
ὑπάλυξις|subj|3
μνημοσύνη|subj|3
φρίξ|subj|3
χολάς|subj|3
λοιμός|subj|3
ἀμείνων|subj|3
μαχητής|subj|3
ἔγχελυς|subj|3
μολπή|subj|3
κόναβος|subj|3
σπεῖρον|subj|3
ἐπίκριον|subj|3
χαλκεύς|subj|3
Λύκων|subj|3
φάσγανον|subj|3
Κοίρανος|subj|3
γόος|subj|3
Οὐκαλέγων|subj|3
ἐπιβάσκω|subj|3
θνητός|subj|3
ἐρίζω|subj|3
θαυμάζω|subj|3
ἄγαμαι|subj|3
Διόνυσος|subj|3
ἀγηνορία|subj|3
θήρ|subj|3
γλαυκῶπις|subj|3
πρόχοος|subj|3
δύω|subj|3
μένω|subj|3
Ἐχέπωλος|subj|3
ὀπτήρ|subj|3
τρύφος|subj|3
θύσανος|subj|3
Ἀσκάλαφος|subj|3
Δαρδάνιων|subj|3
αἶα|subj|3
Παιάν|subj|3
κοιμάω|subj|3
ῥυμός|subj|3
ὄμφαξ|subj|3
καταβλώσκω|subj|3
ὄκνος|subj|3
ὑποδρηστήρ|subj|3
ἑκυρά|subj|3
ἑκυρός|subj|3
ἔντεα|subj|3
θέρος|subj|3
ὀπώρα|subj|3
Ἄντικλος|subj|3
βιόω|subj|3
Εὐπείθης|subj|3
διαπέρθω|subj|3
πρᾶξις|subj|3
νοῦσος|subj|3
οἰκωφελία|subj|3
οἶστρος|subj|3
πολεμίζω|subj|3
σκῦτος|subj|3
στάθμη|subj|3
ὀμφή|subj|3
ἐπαγείρω|subj|3
Εὐρυμέδων|subj|3
Πολύιδος|subj|3
ἀφαιρέω|subj|3
δείπνηστος|subj|3
Φηγεύς|subj|3
ὀδύρομαι|subj|3
γαιήοχος|subj|3
Μάρις|subj|3
στίβη|subj|3
Ζεφυρίη|subj|3
ἐνοπή|subj|3
φθονέω|subj|3
τλάω|subj|3
δύστηνος|subj|3
κομέω|subj|3
φυλάσσω|subj|3
ἠίθεος|subj|3
κούρητες|subj|3
ἀμαλλοδετήρ|subj|3
Κυθέρεια|subj|3
οὐρίαχος|subj|3
Ῥέα|subj|3
Ποδάργη|subj|3
Ἀστυόχεια|subj|3
Ἄλκηστις|subj|3
λίμνη|subj|3
Ἀλφειός|subj|3
ἔναυλος|subj|3
εἴκελος|subj|3
δικάζω|subj|3
παλίωξις|subj|3
ζῶμα|subj|3
μίτρα|subj|3
χερμάδιον|subj|3
γεγωνέω|subj|3
ψάμαθος|subj|3
μέλος|subj|3
γαμβρός|subj|3
ἀμφιθαλής|subj|3
ὁπόσος|subj|3
δαίνυμι|subj|3
εὐφραίνω|subj|3
ἀποσφάλλω|subj|3
Ἀχελῷος|subj|3
φρέαρ|subj|3
περάω|subj|3
Ἠετίων|subj|3
ἐλατήρ|subj|3
Ἰκμάλιος|subj|3
κῶας|subj|3
δυσμενής|subj|3
Ἀμφιδάμας|subj|3
Κινύρης|subj|3
ἐθέλω|subj|3
βρόμος|subj|3
πεντήκοντα|subj|3
σταφυλή|subj|3
πολύπους|subj|3
λᾶιγξ|subj|3
θειλόπεδον|subj|3
χάλαζα|subj|3
ἧλος|subj|3
περόνη|subj|3
ὀρσοθύρη|subj|3
Πάνδαρος|subj|3
Ἰήσων|subj|3
δρίος|subj|3
βητάρμων|subj|3
θέσφατος|subj|3
κορυφή|subj|3
Πρωτεσίλαος|subj|3
δασμός|subj|3
ἐπίσκοπος|subj|3
ἐπιβλής|subj|3
τρεῖς|subj|3
κυδαίνω|subj|3
κακόω|subj|3
θέαινα|subj|3
πρυλέες|subj|3
πα~ς|subj|3
τελαμών|subj|3
ἐφορμάω|subj|3
ἐπίσχω|subj|3
πλήμνη|subj|3
Μολίων|subj|3
ἀχερωίς|subj|3
πίτυς|subj|3
κόπρος|subj|3
Θεανώ|subj|3
εὐχετάομαι|subj|3
κιχάνω|subj|3
αἰγιαλός|subj|3
μίγνυμι|subj|3
Μαστορίδης|subj|3
ἄργυρος|subj|3
μῶλος|subj|3
παραβάτης|subj|3
σμῶδιξ|subj|3
ἀγών|subj|3
σπάρτον|subj|3
νηπύτιος|subj|3
τάπης|subj|3
Ὑπερίων|subj|3
̓ἐννοσίγαιος|subj|3
῎ἄρης|subj|3
Λειώδης|subj|3
λωτός|subj|3
κύπειρον|subj|3
ἄκρα|subj|3
αἰτιάομαι|subj|2
ἀδαημονία|subj|2
νῶτον|subj|2
δώδεκα|subj|2
Πείροος|subj|2
κῆλον|subj|2
Ἴασος|subj|2
ἔλεγχος|subj|2
φυκτός|subj|2
Λήῖτος|subj|2
Ἀρηί|subj|2
Φυλομέδουσα|subj|2
Ἶφις|subj|2
κύκλος|subj|2
μελεδών|subj|2
Ἐνυάλιος|subj|2
̓ἀχαιός|subj|2
ὀιζύς|subj|2
κάπριος|subj|2
πλοῦτος|subj|2
εἰρήνη|subj|2
Ἀντιφάτης|subj|2
Οϊκλῆς|subj|2
κέρδος|subj|2
ἀποτίνω|subj|2
Ἰνώ|subj|2
πρόθυρον|subj|2
ὀαρίζω|subj|2
βραχίων|subj|2
ἀκουή|subj|2
Ἀγέλεως|subj|2
Πύλιος|subj|2
Ἀρκάς|subj|2
λώβη|subj|2
ἀπαρέσκω|subj|2
Ἄλκιμος|subj|2
Αἴολος|subj|2
ἰατήρ|subj|2
Δαίδαλος|subj|2
πάτροκλος|subj|2
προφεύγω|subj|2
κνώδαλον|subj|2
ἀνεκτός|subj|2
ἀφλοισμός|subj|2
στεροπή|subj|2
τροφός|subj|2
ὑπερβασία|subj|2
κόμη|subj|2
πλοχμός|subj|2
ἄγη|subj|2
Προῖτος|subj|2
φορέω|subj|2
στυφελίζω|subj|2
ἀρνέομαι|subj|2
δειδίσσομαι|subj|2
ὀφέλλω|subj|2
μεταπαυσωλή|subj|2
ἐνέπω|subj|2
λῃστήρ|subj|2
ὅ|subj|2
ἀγαπάζω|subj|2
διομήδης|subj|2
ἐπακούω|subj|2
ἐσθής|subj|2
ὀδούς|subj|2
ἴτυς|subj|2
κερκίς|subj|2
καρπός|subj|2
ἀράχνιον|subj|2
σπονδή|subj|2
δεξιά|subj|2
μήρινθος|subj|2
ψηφίς|subj|2
ἰωή|subj|2
τάλαντον|subj|2
εἶπον|subj|2
μύλη|subj|2
πορθμεύς|subj|2
κορύνη|subj|2
κῆτος|subj|2
πόρις|subj|2
Ἠερίβοια|subj|2
ἀτιμάω|subj|2
πλευρά|subj|2
παυσωλή|subj|2
χεῖμα|subj|2
κατατίθημι|subj|2
Ὀιλιάδης|subj|2
ἐσχάρα|subj|2
ῥύομαι|subj|2
παρθενική|subj|2
τοῖος|subj|2
ποτητός|subj|2
ἀγρότης|subj|2
ἰοχέαιρα|subj|2
Δευκαλίων|subj|2
Πεισήνωρ|subj|2
Αὐτονόη|subj|2
ἔσθω|subj|2
Ῥήνη|subj|2
ἐννεακαίδεκα|subj|2
Εὔδωρος|subj|2
πολυμήλη|subj|2
Ὀρτίλοχος|subj|2
ἔρος|subj|2
ἐπιποιμήν|subj|2
Νέαιρα|subj|2
μιαίνω|subj|2
πρόγονος|subj|2
μέτασσα|subj|2
ἕρση|subj|2
σκώληξ|subj|2
κατήφεια|subj|2
τρίτος|subj|2
Βοηθοΐδης|subj|2
τένων|subj|2
ἠιών|subj|2
ἅλς|subj|2
Τυδει|subj|2
Πυραίχμης|subj|2
γνώριμος|subj|2
θεοπρόπος|subj|2
μῆδος|subj|2
ῥίς|subj|2
ἐναίρω|subj|2
ἱμάς|subj|2
ὑπόσχεσις|subj|2
Μεγαπένθης|subj|2
Εὐρυβάτης|subj|2
μόλιβος|subj|2
τηλέμαχος|subj|2
ἀγορεύω|subj|2
πέλωρον|subj|2
ἱκέτης|subj|2
Δημόδοκος|subj|2
Μηκιστηι|subj|2
χεῦμα|subj|2
Ἰησονίδης|subj|2
κώπη|subj|2
ταρσός|subj|2
σκόπελος|subj|2
ἐθείρω|subj|2
Ἔρις|subj|2
νόθος|subj|2
ὄγκος|subj|2
Πολύφημος|subj|2
πτωχεύω|subj|2
αἴθουσα|subj|2
ἀνάσσω|subj|2
κρημνός|subj|2
Ἐλπήνωρ|subj|2
Ἀμφιμέδων|subj|2
ἰωκή|subj|2
Φήμιος|subj|2
ἐπίτονος|subj|2
κύαμος|subj|2
ἐρέβινθος|subj|2
καλυψώ|subj|2
ἑανός|subj|2
ἐπακτήρ|subj|2
Ἰθάκη|subj|2
πελειάς|subj|2
πυθμήν|subj|2
Παναχαιοί|subj|2
ἀπέχω|subj|2
ὀδών|subj|2
ἄρχω|subj|2
ἔριθος|subj|2
ἠλακάτη|subj|2
δέσμα|subj|2
βουλεύω|subj|2
κυβερνητήρ|subj|2
πηδάλιον|subj|2
φῆμις|subj|2
μελέδημα|subj|2
Νεοπτόλεμος|subj|2
Ἄγριος|subj|2
Μέλας|subj|2
χολόω|subj|2
διαγιγνώσκω|subj|2
ὑποδεξίη|subj|2
δύσμορος|subj|2
βότρυς|subj|2
εὔχομαι|subj|2
λοίγιος|subj|2
ἄλκαρ|subj|2
φυλακή|subj|2
ἀτραπός|subj|2
φορεύς|subj|2
θρόος|subj|2
γῆρυς|subj|2
ἀποκτείνω|subj|2
Πελάγων|subj|2
Ἀμαζών|subj|2
Ὀδίος|subj|2
Ἐπίστροφος|subj|2
γενέθλη|subj|2
ἐπαυρέω|subj|2
ἄνθος|subj|2
ἐρύω|subj|2
Νῖσος|subj|2
ἰάλλω|subj|2
ἐδωδή|subj|2
Κλυτόνηος|subj|2
ἐρινεός|subj|2
πράσσω|subj|2
εὐαγγέλιον|subj|2
Ἐλατρεύς|subj|2
ὁμοκλή|subj|2
ἀλεόμαι|subj|2
ἀτασθαλία|subj|2
πεντακόσιοι|subj|2
Πυριφλεγέθων|subj|2
Κωκυτός|subj|2
σύνεσις|subj|2
κτείνω|subj|2
ἀκμής|subj|2
θελκτήριον|subj|2
Δηιφοβος|subj|2
κρέας|subj|2
ἱστίον|subj|2
πῶλος|subj|2
Ῥῆσος|subj|2
μυελός|subj|2
ἆσθμα|subj|2
νυός|subj|2
ὄνειαρ|subj|2
χώρα|subj|2
ζέφυρος|subj|2
δράγμα|subj|2
φράτρα|subj|2
δόναξ|subj|2
ναός|subj|2
τεύχω|subj|2
Θρᾷξ|subj|2
καταπτώσσω|subj|2
Ἰάπετος|subj|2
Τάρταρος|subj|2
ἠριγένεια|subj|2
ζόφος|subj|2
ἧπαρ|subj|2
πυρή|subj|2
Ἀμφιάραος|subj|2
ἄκοιτις|subj|2
Θησεύς|subj|2
γλήνη|subj|2
βοάγριον|subj|2
δέσποινα|subj|2
τροπή|subj|2
ἀφίστημι|subj|2
πρασιά|subj|2
πτελέα|subj|2
μυρίκη|subj|2
θρύον|subj|2
εἰσίθμη|subj|1
ἐλαία|subj|1
ἄντρον|subj|1
ἡνιοχεύς|subj|1
ἀλήτης|subj|1
Ἴδη|subj|1
θῆλυς|subj|1
ἠπεροπεύω|subj|1
ἐριδαίνω|subj|1
Πελίης|subj|1
οὐδείς|subj|1
ἀκρίς|subj|1
αὐχήν|subj|1
ἀμητήρ|subj|1
θριγκός|subj|1
κήδω|subj|1
Ὄσσα|subj|1
σκῶλος|subj|1
πληθύς|subj|1
σάλπιγξ|subj|1
τάρβος|subj|1
τρίπους|subj|1
ῥάπτω|subj|1
πηγή|subj|1
αἶσχος|subj|1
πεῖνα|subj|1
Ἄλτης|subj|1
ἑκηβολία|subj|1
Λειώκριτος|subj|1
σῶμα|subj|1
Λεοντεύς|subj|1
αὔρα|subj|1
τιθήνη|subj|1
Πανδίων|subj|1
ὑλοτόμος|subj|1
βασιλεύω|subj|1
νεῦρον|subj|1
ἀχρημοσύνη|subj|1
Ἐριχθόνιος|subj|1
Μίνως|subj|1
Δάρδανος|subj|1
Ἶλος|subj|1
Σεμέλη|subj|1
Ἀσσάρακος|subj|1
Μάντιος|subj|1
Ἀρκείσιος|subj|1
περικτίονες|subj|1
σφυρόν|subj|1
κτέρας|subj|1
αἰπόλιον|subj|1
τετευχῆσθαι|subj|1
̓ἀπόλλων|subj|1
σπινθήρ|subj|1
ἐπαμύντωρ|subj|1
μολοβρός|subj|1
ἐπίσχεσις|subj|1
ἐλεητύς|subj|1
Λωτοφάγοι|subj|1
ἀλέξω|subj|1
ὄλβος|subj|1
πῖλος|subj|1
Εὐρύνομος|subj|1
Δημοπτόλεμος|subj|1
ἀγγελία|subj|1
Λαπίθαι|subj|1
πέρθω|subj|1
ἀπειλή|subj|1
Ἱππόθοος|subj|1
εὑρίσκω|subj|1
ἐπεύχομαι|subj|1
Ἑλικάων|subj|1
Νάστης|subj|1
ἀγρός|subj|1
ἄσπετος|subj|1
δύη|subj|1
Περσεύς|subj|1
χαλιφροσύνη|subj|1
ἐπιδέω|subj|1
ἐρύκω|subj|1
πρόσωπον|subj|1
στεῖνος|subj|1
κηρός|subj|1
διασκοπιάομαι|subj|1
μέδω|subj|1
θαρσαλέος|subj|1
Βουκολίων|subj|1
ἀρηγών|subj|1
Νηρηίς|subj|1
Κλυμένη|subj|1
Ἰάνειρα|subj|1
Ἰάνασσα|subj|1
Μαῖρα|subj|1
Ὠρείθυια|subj|1
Ἀμάθεια|subj|1
δόσις|subj|1
Γλαύκη|subj|1
Θάλεια|subj|1
Κυμοδόκη|subj|1
Νησαίη|subj|1
Σπειώ|subj|1
Θόη|subj|1
Ἁλίη|subj|1
κυμοθόη|subj|1
Ἀκταίη|subj|1
Λιμνώρεια|subj|1
Μελίτη|subj|1
Ἴαιρα|subj|1
Ἀμφιθόη|subj|1
Ἀγαυή|subj|1
Δωτώ|subj|1
Πρωτώ|subj|1
Φέρουσα|subj|1
Δυναμένη|subj|1
Δεξαμένη|subj|1
Ἀμφινόμη|subj|1
Καλλιάνειρα|subj|1
Δωρίς|subj|1
Πανόπη|subj|1
Γαλάτεια|subj|1
Νημερτής|subj|1
Ἀψευδής|subj|1
Καλλιάνασσα|subj|1
ἡγέομαι|subj|1
ἄνυσις|subj|1
χάρμα|subj|1
ἐλεγχείη|subj|1
κέλευθος|subj|1
Αἰακός|subj|1
οἶμος|subj|1
πτύξ|subj|1
συμφράδμων|subj|1
νομός|subj|1
παραίφασις|subj|1
κρατήρ|subj|1
ἀμφιφορεύς|subj|1
κῖκυς|subj|1
ζωή|subj|1
δειρή|subj|1
ἡσυχία|subj|1
ἀναίνομαι|subj|1
ὁρμή|subj|1
μέτρον|subj|1
στρόφος|subj|1
ἀορτήρ|subj|1
Ἀμφίαλος|subj|1
δαίτη|subj|1
ὑπερφίαλος|subj|1
ἄφενος|subj|1
θᾶκος|subj|1
ἐπιωγαί|subj|1
σπιλάς|subj|1
ἄμπελος|subj|1
νόστιμος|subj|1
ἐπίστιον|subj|1
πομπεύς|subj|1
στοναχή|subj|1
Ἀκρόνεως|subj|1
Ὠκύαλος|subj|1
Ναυτεύς|subj|1
Πρυμνεύς|subj|1
Ἀγχίαλος|subj|1
Ἐρετμεύς|subj|1
Ποντεύς|subj|1
Πρωρεύς|subj|1
Θόων|subj|1
Ἀναβησίσευς|subj|1
χρόμαδος|subj|1
ῥαφή|subj|1
στειλειόν|subj|1
ἀγανοφροσύνη|subj|1
Παιήων|subj|1
Ἀμφιθέη|subj|1
μενοεικής|subj|1
δόρπος|subj|1
ἀτέμβω|subj|1
χηλός|subj|1
σταθμός|subj|1
ὑπερθύριον|subj|1
κορώνη|subj|1
ἀπονέομαι|subj|1
συνελαύνω|subj|1
πρόμαχος|subj|1
Λυκάων|subj|1
Λυκία|subj|1
Ἴφιτος|subj|1
πάτρη|subj|1
Χρυσηίς|subj|1
συνθεσία|subj|1
θόωκος|subj|1
κελαδεινός|subj|1
πυρός|subj|1
ζειά|subj|1
κρῖ|subj|1
Πειρίθοος|subj|1
Δρύας|subj|1
Καινεύς|subj|1
Ἐξάδιος|subj|1
ὀρεύς|subj|1
Γοργώ|subj|1
κῶμα|subj|1
σάρξ|subj|1
βάζω|subj|1
Μενεσθεύς|subj|1
Φείδας|subj|1
Στιχίος|subj|1
Βίας|subj|1
Ἀλκάθοος|subj|1
Διώρης|subj|1
Χρόμις|subj|1
Εὔφορβος|subj|1
Δηί|subj|1
ἐγγύη|subj|1
γναθμός|subj|1
γενειάς|subj|1
Χάρυβδις|subj|1
Ἁρπαλίων|subj|1
πῖαρ|subj|1
Λαμπετίη|subj|1
ὄγχνη|subj|1
σῦκον|subj|1
Κάρ|subj|1
Παίων|subj|1
Λέλεγες|subj|1
Πελασγός|subj|1
Φρύξ|subj|1
Μῄων|subj|1
κνημίς|subj|1
ἑορτή|subj|1
Πρόθοος|subj|1
χιτών|subj|1
νεοίη|subj|1
κυνάμυια|subj|1
Φυλεύς|subj|1
Γουνεύς|subj|1
Φόρκυς|subj|1
Ἀσκάνιος|subj|1
Οὐρανίωνες|subj|1
ἀνδροκτασία|subj|1
Στρατίος|subj|1
Ἐχέφρων|subj|1
ἄρσην|subj|1
ἀναγκαίη|subj|1
στέφανος|subj|1
Κτήσιππος|subj|1
ὁ|obj|938
ἐγώ|obj|737
σύ|obj|556
ὅς|obj|527
μιν|obj|514
ἕ|obj|506
ναῦς|obj|488
χείρ|obj|427
θυμός|obj|369
αὐτός|obj|339
ἵππος|obj|339
ἀνήρ|obj|338
Τρώς|obj|318
εἰμί|obj|275
γαῖα|obj|267
σφεῖς|obj|264
θεός|obj|251
πόλεμος|obj|242
ἑταῖρος|obj|238
δῶμα|obj|236
ἔπος|obj|231
τις|obj|225
πᾶς|obj|220
Ἕκτωρ|obj|206
δόρυ|obj|202
κακός|obj|198
πόλις|obj|197
Ἀχαιός|obj|197
ἔργον|obj|197
ἄλλος|obj|195
υἱός|obj|192
Ὀδυσσεύς|obj|189
ὦμος|obj|187
λαός|obj|184
παῖς|obj|182
μνηστήρ|obj|181
οὗτος|obj|178
ἀλλήλων|obj|177
τεῦχος|obj|175
χρώς|obj|174
μένος|obj|173
Ζεύς|obj|172
ἄστυ|obj|170
φρήν|obj|169
ἔγχος|obj|168
κεφαλή|obj|163
πεδίον|obj|163
μῦθος|obj|160
γυνή|obj|158
γόνυ|obj|158
πόντος|obj|158
πολύς|obj|157
τεῖχος|obj|154
ἅλς|obj|152
πούς|obj|152
μέγαρον|obj|152
οἶνος|obj|149
οὐρανός|obj|148
στῆθος|obj|148
δόμος|obj|147
δάκρυον|obj|145
Ἴλιος|obj|144
πῦρ|obj|144
Ἀχιλλεύς|obj|144
χαλκός|obj|143
εἶμι|obj|141
πατήρ|obj|140
ὅσος|obj|137
δίφρος|obj|136
ὅμιλος|obj|136
οἴκαδε|obj|136
ἔρχομαι|obj|134
μάχομαι|obj|133
βοῦς|obj|133
μάχη|obj|131
οἶκος|obj|130
ὅδε|obj|128
τόξον|obj|126
δῶρον|obj|125
ἄνθρωπος|obj|125
ἄλγος|obj|124
Δαναοί|obj|121
αἷμα|obj|121
ὕδωρ|obj|120
ἕκαστος|obj|119
μῆλον|obj|118
Ἀργεῖος|obj|116
εὐνή|obj|114
κλισία|obj|113
θάνατος|obj|112
δεῦρο|obj|112
κύων|obj|109
ἄλοχος|obj|108
ἅρμα|obj|108
θύρα|obj|107
ἀσπίς|obj|106
κῦμα|obj|106
ἐνθάδε|obj|106
κῦδος|obj|105
νεκρός|obj|105
κήρ|obj|103
χιτών|obj|103
νέκυς|obj|102
Τηλέμαχος|obj|98
Ὄλυμπος|obj|97
Ἄρης|obj|96
σῖτος|obj|96
ὁδός|obj|96
φώς|obj|94
νῆσος|obj|94
δίδωμι|obj|93
οἷος|obj|93
ὄρος|obj|93
εἷμα|obj|93
Πάτροκλος|obj|93
θάλαμος|obj|93
ὕπνος|obj|92
ἐκεῖνος|obj|91
κτῆμα|obj|89
νόστος|obj|89
σάκος|obj|89
κάρα|obj|87
μήτηρ|obj|85
θύραζε|obj|85
Ἀγαμέμνων|obj|85
δῆμος|obj|85
χθών|obj|85
ὄλεθρος|obj|85
νέομαι|obj|84
ἱκνέομαι|obj|82
ξένος|obj|82
βέλος|obj|82
σῆμα|obj|82
κέλευθος|obj|81
χόλος|obj|81
ἀλκή|obj|81
ἦμαρ|obj|81
μέσος|obj|80
νύξ|obj|79
αἱρέω|obj|79
βία|obj|78
ἔχω|obj|77
δαίς|obj|77
ἀγορά|obj|77
ψυχή|obj|77
ὀφθαλμός|obj|76
Τροία|obj|75
θρόνος|obj|75
χλαῖνα|obj|75
κῆδος|obj|74
λέχος|obj|74
βουλή|obj|73
κρέας|obj|73
φόνος|obj|71
νόος|obj|70
μένω|obj|70
δέπας|obj|70
πύλη|obj|69
κόρη|obj|69
πύργος|obj|69
μηρός|obj|69
βασιλεύς|obj|69
ποταμός|obj|68
κρατήρ|obj|68
αὐχήν|obj|67
ὄχος|obj|67
ὀστέον|obj|67
ἱστός|obj|67
ὗς|obj|67
τίθημι|obj|66
τάφρος|obj|66
ἀθάνατος|obj|66
ἑκατόμβη|obj|66
πέτρα|obj|66
ἀμφότερος|obj|66
Ἀθήνη|obj|66
πόνος|obj|66
ἄριστος|obj|65
θάλασσα|obj|64
ἦτορ|obj|63
φάλαγξ|obj|63
πόσις|obj|63
φέρω|obj|62
γίγνομαι|obj|62
χρυσός|obj|62
πατρίς|obj|61
γυῖον|obj|61
κῆρ|obj|61
εἶδον|obj|61
στρατός|obj|60
κτείνω|obj|60
φιλότης|obj|60
ἐθέλω|obj|60
ὕλη|obj|60
ἀοιδή|obj|60
ἵστημι|obj|60
ὀιστός|obj|59
πῆμα|obj|59
Μενέλαος|obj|59
Ποσειδεών|obj|59
ἄγω|obj|58
νέφος|obj|58
γάμος|obj|58
ὅστις|obj|58
ἀμύνω|obj|58
οὐδός|obj|57
τέκνον|obj|57
ἄναξ|obj|57
γόος|obj|57
γέρων|obj|57
φᾶρος|obj|57
σταθμός|obj|57
οἶκόνδε|obj|56
δόρπον|obj|56
Ἰθάκη|obj|56
Πρίαμος|obj|56
ὀδύνη|obj|56
βλέφαρον|obj|56
δεσμός|obj|55
πολεμίζω|obj|55
ξίφος|obj|54
Αἴας|obj|54
γαστήρ|obj|54
οὖδας|obj|54
κονία|obj|54
στόμα|obj|53
κόρυς|obj|53
ἀήρ|obj|53
βροτός|obj|53
αὖθι|obj|52
ἡμίονος|obj|52
|obj|52
πρόμαχος|obj|52
μῆδος|obj|51
Πηλείων|obj|50
εἶπον|obj|50
ἔντεα|obj|50
κράς|obj|50
βάλλω|obj|49
ἐρύω|obj|49
ἱστίον|obj|49
Ἄργος|obj|49
πότμος|obj|48
φάρμακον|obj|48
χαμᾶζε|obj|48
Αἰνείας|obj|48
νίκη|obj|48
οἰκίον|obj|48
θνήσκω|obj|47
ἕπομαι|obj|47
κάματος|obj|47
γέρας|obj|47
τιμή|obj|47
δμωή|obj|47
τέλος|obj|46
ἔρις|obj|46
δεῖπνον|obj|46
πένθος|obj|46
βίοτος|obj|46
φάος|obj|46
μηρία|obj|46
ἄνεμος|obj|45
κῆρυξ|obj|45
ἡνία|obj|45
ὄψ|obj|45
κλέος|obj|45
ὄσσα|obj|45
κλείς|obj|45
κακότης|obj|44
χάρμη|obj|44
φάσγανον|obj|44
ἔθνος|obj|44
ἔνθα|obj|44
καρπός|obj|44
τοκεύς|obj|44
ἆθλος|obj|44
ὅρκος|obj|43
ἐπιβαίνω|obj|43
σπέος|obj|43
αἶα|obj|43
ὅρκιον|obj|43
τράπεζα|obj|43
στίξ|obj|43
ψάμαθος|obj|43
αἴξ|obj|43
καρδία|obj|43
φεύγω|obj|43
ἐκεῖσε|obj|42
ἔρος|obj|42
συβώτης|obj|42
φίλος|obj|42
δαμάζω|obj|42
παρειά|obj|42
ζυγόν|obj|42
ἀπήνη|obj|41
ἄψ|obj|41
πίνω|obj|41
ἤπειρος|obj|41
σκῆπτρον|obj|41
μοῖρα|obj|41
ἆθλον|obj|40
κορυφή|obj|40
παύω|obj|40
ἀγγελία|obj|40
νῶτον|obj|40
φόβος|obj|40
ῥόος|obj|40
λόχος|obj|40
ἐλαύνω|obj|39
σθένος|obj|39
πρόθυρον|obj|39
λιμήν|obj|39
εὖχος|obj|39
μῆτις|obj|39
λοιγός|obj|39
τρίπους|obj|38
νεφέλη|obj|38
πτολίεθρον|obj|38
νεῖκος|obj|38
κόμη|obj|38
χῶρος|obj|38
κράτος|obj|38
αὐτοῦ|obj|38
ὠτειλή|obj|38
ἕδνον|obj|38
ἀκούω|obj|37
ὀιζύς|obj|37
Ἀτρείδης|obj|37
ἐρετμόν|obj|37
Πηνελόπεια|obj|37
Ἑλένη|obj|37
μῆνις|obj|37
ἄποινα|obj|37
φλόξ|obj|37
οἰωνός|obj|37
ἄτη|obj|37
δόλος|obj|37
Τυδείδης|obj|36
ἀρετή|obj|36
ἄορ|obj|36
ἔνθεν|obj|36
ἀγών|obj|36
ἰός|obj|36
τοιοῦτος|obj|36
δημός|obj|36
ὑπερῷον|obj|36
ῥεῖθρον|obj|36
γῆρας|obj|36
φύλοπις|obj|36
βοείη|obj|36
ὄλλυμι|obj|35
αἰθήρ|obj|35
ὄμμα|obj|35
θίς|obj|35
κυνέη|obj|35
πάσχω|obj|35
Μυρμιδόνες|obj|35
ἅπας|obj|35
ἔλαιον|obj|35
μίγνυμι|obj|34
ἥρως|obj|34
λέων|obj|34
Νέστωρ|obj|34
τεύχω|obj|34
ἄμαξα|obj|34
μάστιξ|obj|34
ἠώς|obj|34
ποιμήν|obj|34
θώραξ|obj|34
Πύλος|obj|34
ἱμάς|obj|33
ἐδωδή|obj|33
χάρις|obj|33
Φαίαξ|obj|33
χρῆμα|obj|33
κόλπος|obj|33
μετάφρενον|obj|33
ὄις|obj|33
φιλέω|obj|33
ὀχεύς|obj|33
ἱερός|obj|33
τελέω|obj|32
φῦλον|obj|32
ἠιών|obj|32
ἔναρα|obj|32
πομπή|obj|32
μέλος|obj|32
πυνθάνομαι|obj|32
κῶας|obj|32
οὐρανόθεν|obj|31
ῥέζω|obj|31
ἄρουρα|obj|31
ὑσμίνη|obj|31
ῥίς|obj|31
ἀλέξω|obj|31
αἴρω|obj|31
κασίγνητος|obj|31
τιμάω|obj|31
οὖρος|obj|31
ἀκτή|obj|31
πλείων|obj|31
Ἀλέξανδρος|obj|31
ὁράω|obj|31
αἰγίς|obj|31
δηιοτής|obj|31
Πηλεύς|obj|31
ἐσθλός|obj|30
ναός|obj|30
σχεδία|obj|30
δειρή|obj|30
κίων|obj|30
λίθος|obj|30
ἕλκος|obj|30
φόως|obj|30
ἀμφίπολος|obj|30
θεά|obj|30
θήρ|obj|30
πέλεκυς|obj|30
τάλαντον|obj|29
νευρά|obj|29
οὖς|obj|29
ἤπειρόνδε|obj|29
λᾶας|obj|29
αἴθουσα|obj|29
πάλιν|obj|29
προτέρω|obj|29
δεῖπνος|obj|29
ξύλον|obj|29
φόρμιγξ|obj|29
εἴσω|obj|29
εἴλω|obj|29
χαμαί|obj|29
τέκος|obj|29
μυθέομαι|obj|29
ἄκοιτις|obj|29
πείθω|obj|28
δύω|obj|28
ἕρκος|obj|28
κρήδεμνον|obj|28
Ἀφροδίτη|obj|28
Ἰδομενεύς|obj|28
ἀγρός|obj|28
πυρός|obj|28
μόρος|obj|27
χαίτη|obj|27
πόλινδε|obj|27
χέρσος|obj|27
κλισμός|obj|27
νόημα|obj|27
κεῖνος|obj|27
Λακεδαίμων|obj|27
ληίς|obj|27
δέρμα|obj|27
Ἴδη|obj|27
τάπης|obj|27
ἀοιδός|obj|27
λύω|obj|27
μέτρον|obj|27
Διομήδης|obj|27
δάιος|obj|27
σανίς|obj|27
θυγάτηρ|obj|27
κάρηνον|obj|26
φθίω|obj|26
τροχός|obj|26
σίδηρος|obj|26
ἐφετμή|obj|26
ἀδελφός|obj|26
ἀγορεύω|obj|26
εἶδαρ|obj|26
πέδιλον|obj|26
ἥβη|obj|26
ἀείδω|obj|26
Σαρπηδών|obj|26
ἧπαρ|obj|26
γαμέω|obj|26
τόσος|obj|26
δέμνιον|obj|26
φύλλον|obj|26
ἰχθύς|obj|25
ταῦρος|obj|25
ὀπίσω|obj|25
λείπω|obj|25
θρόνον|obj|25
πυρή|obj|25
Ἀπόλλων|obj|25
αἰδώς|obj|25
βουκόλος|obj|25
πληθύς|obj|25
χαμάδις|obj|25
ἄστυδε|obj|25
λούω|obj|25
ῥοή|obj|25
Λύκιοι|obj|25
ἔλαφος|obj|25
ὕβρις|obj|25
θέμις|obj|25
ὅπλον|obj|25
δαίμων|obj|25
μνάομαι|obj|25
πειράω|obj|24
χαλκοῦς|obj|24
ἕλκω|obj|24
ἔπαλξις|obj|24
κέρδος|obj|24
ἕδος|obj|24
δαίτη|obj|24
ῥάκος|obj|24
αὐδή|obj|24
ἠέλιος|obj|24
Λαέρτης|obj|24
πέπλος|obj|24
λέβης|obj|24
ἧμαι|obj|24
Ἑλλήσποντος|obj|24
ἀπονέομαι|obj|24
Λυκία|obj|24
κέρας|obj|24
ἀρήγω|obj|24
ἀυτή|obj|24
Κρονίων|obj|23
μιμνήσκω|obj|23
κατακτείνω|obj|23
ἀγέλη|obj|23
στέρνον|obj|23
Ἥφαιστος|obj|23
πεῖραρ|obj|23
ὀβελός|obj|23
αὐγή|obj|23
ἀγαθός|obj|23
ἡνίοχος|obj|23
πίπτω|obj|23
ὄμβρος|obj|23
ἕτερος|obj|23
Ἥρα|obj|23
φυλάσσω|obj|23
οὐδείς|obj|23
φαρέτρα|obj|22
τελευτάω|obj|22
θρίξ|obj|22
κορώνη|obj|22
ὄνομα|obj|22
καπνός|obj|22
κάνεον|obj|22
σῶμα|obj|22
ἡγεμών|obj|22
δύο|obj|22
ὀρυμαγδός|obj|22
αἰχμή|obj|22
ἀλκί|obj|22
βιός|obj|22
σκόλοψ|obj|22
τύμβος|obj|22
πάντῃ|obj|22
ὀρέγω|obj|21
θέω|obj|21
γένειον|obj|21
θεράπων|obj|21
πέμπω|obj|21
τίνω|obj|21
ἐρύκω|obj|21
λανθάνω|obj|21
ἔδω|obj|21
ὄσσε|obj|21
ζωστήρ|obj|21
μέσαυλος|obj|21
Λῆμνος|obj|21
χορός|obj|21
γενεά|obj|21
Τροίαθεν|obj|21
ἀρνός|obj|21
εἷς|obj|21
τέρας|obj|21
μάρναμαι|obj|21
ἔρδω|obj|21
πατρώιος|obj|21
ὄνειρος|obj|21
Κρήτη|obj|21
ποτής|obj|21
πῆ|obj|21
φῆμις|obj|21
λίσσομαι|obj|20
ἀτάσθαλος|obj|20
αὐλή|obj|20
ῥήγνυμι|obj|20
ζόφος|obj|20
λαῖτμα|obj|20
κῆτος|obj|20
ἆσσον|obj|20
φύζα|obj|20
ἀριστεύς|obj|20
δένδρεον|obj|20
ὁρμή|obj|20
πρόσωπον|obj|20
θάρσος|obj|20
ἴκρια|obj|20
λώβη|obj|20
δίκη|obj|20
κλισίηθεν|obj|20
ἀνέχω|obj|20
χραισμέω|obj|20
κλαίω|obj|20
τοῖχος|obj|20
νοστέω|obj|20
ἄλφιτον|obj|20
ῥῆγος|obj|20
νεβρός|obj|20
ὄρνις|obj|20
κάλλος|obj|20
δίω|obj|20
ὄζος|obj|20
φημί|obj|20
Κύκλωψ|obj|20
δόμονδε|obj|20
καταπαύω|obj|20
Ἀντίνοος|obj|20
φύλαξ|obj|19
δοῦπος|obj|19
οἶτος|obj|19
ζώω|obj|19
ἀπάτη|obj|19
κολεόν|obj|19
ἄντυξ|obj|19
φθόγγος|obj|19
Ἀντίλοχος|obj|19
ἔριον|obj|19
Ἑλλάς|obj|19
γόνος|obj|19
ἀυτμή|obj|19
ξένιος|obj|19
ἄμφω|obj|19
ἐγγύθεν|obj|19
ἀσάμινθος|obj|19
οὐλοχύται|obj|19
κεῖμαι|obj|19
σός|obj|19
Ἔρεβος|obj|19
αὐτόθι|obj|19
κνῖσα|obj|19
τυρός|obj|19
ἱππεύς|obj|19
ἱδρώς|obj|19
βρῶσις|obj|19
κτέρεα|obj|19
πεῖσμα|obj|19
γένος|obj|19
ἄνθος|obj|19
Ἀΐδης|obj|18
ἀπονοστέω|obj|18
ἐσχατιά|obj|18
ἐξαλαπάζω|obj|18
Χάρυβδις|obj|18
νόσος|obj|18
πνοή|obj|18
σκοπός|obj|18
ἱερόν|obj|18
τῇ|obj|18
φωνή|obj|18
κτῆσις|obj|18
κεραυνός|obj|18
Ἶρις|obj|18
Χρυσηίς|obj|18
κλόνος|obj|18
τέρμα|obj|18
λόφος|obj|18
ἐάω|obj|18
σάρξ|obj|18
αἶσχος|obj|18
πρυμνήσιος|obj|18
πίναξ|obj|18
βωμός|obj|18
γέφυρα|obj|18
ἀνάσσω|obj|18
χηλός|obj|18
τέρπω|obj|18
γιγνώσκω|obj|18
πόρω|obj|18
λέκτρον|obj|18
εὕδω|obj|18
βουλεύω|obj|17
εὔχομαι|obj|17
μέλλω|obj|17
κιχάνω|obj|17
ἅπτω|obj|17
πῆχυς|obj|17
μελία|obj|17
νευρή|obj|17
ποινή|obj|17
Ὠρίων|obj|17
Ἰθάκηνδε|obj|17
πῶυ|obj|17
πέλεια|obj|17
πάσσαλος|obj|17
ἥμισυς|obj|17
πῶμα|obj|17
ὦνος|obj|17
ὄνειδος|obj|17
ῥηγμίν|obj|17
οἰήιον|obj|17
οἰκεύς|obj|17
ἔντερον|obj|17
νοέω|obj|17
πυρκαιά|obj|17
σπλάγχνον|obj|17
Πηλείδης|obj|17
στάθμη|obj|17
ποτός|obj|17
ἅλμη|obj|17
ἐσθής|obj|17
ζωός|obj|17
δμώς|obj|17
Φθία|obj|17
ἀλωή|obj|17
ἀλύσκω|obj|17
ᾗ|obj|17
Τροίανδε|obj|17
Ἑρμῆς|obj|17
μέθυ|obj|17
ἄω|obj|16
τένων|obj|16
ἔραζε|obj|16
κελεύω|obj|16
ἐφέπω|obj|16
ἀγείρω|obj|16
οὐλή|obj|16
τάφος|obj|16
ἱμάσθλη|obj|16
δράκων|obj|16
σκόπελος|obj|16
παλάμη|obj|16
οὐτάω|obj|16
ἄκων|obj|16
κοῖτος|obj|16
ἀποπλέω|obj|16
ἴς|obj|16
ἐγγύς|obj|16
ἐνώπια|obj|16
χώρα|obj|16
πήληξ|obj|16
μυχός|obj|16
λαῖφος|obj|16
Πυλόνδε|obj|16
μέτειμι|obj|16
τείρω|obj|16
κειμήλιον|obj|16
θωρήσσω|obj|16
ξύλοχος|obj|16
βρότος|obj|16
φαγεῖν|obj|16
φαίνω|obj|16
ἐκφεύγω|obj|16
ζώνη|obj|16
ἀγκών|obj|16
Ἦλις|obj|16
ἄγγος|obj|16
μισθός|obj|16
ἀσκός|obj|16
ἔγκατα|obj|16
τρυφάλεια|obj|16
πλευρά|obj|16
ἄνωγα|obj|16
ἀμβροσίη|obj|16
δέχομαι|obj|16
ἄλεισον|obj|15
Ὠκεανός|obj|15
ἄχνη|obj|15
ἀλάλημαι|obj|15
ἀπωθέω|obj|15
περάω|obj|15
ἰσχίον|obj|15
ὠθέω|obj|15
πλεῖστος|obj|15
ἐξελαύνω|obj|15
βραχίων|obj|15
μοχλός|obj|15
νόσφι|obj|15
ὑπερβασία|obj|15
ζεύγνυμι|obj|15
πη|obj|15
χρέος|obj|15
ἄχος|obj|15
ἐδητύς|obj|15
κυκεών|obj|15
ἐμπίπλημι|obj|15
κύπελλον|obj|15
πληγή|obj|15
ἀλοιφή|obj|15
δρόμος|obj|15
θέμεθλα|obj|15
πόρος|obj|15
ἀπόλλυμι|obj|15
νέα|obj|15
ὑψόσε|obj|15
ἐπακούω|obj|15
Πουλυδάμας|obj|15
ἄλλῃ|obj|15
τρώς|obj|15
πρόσω|obj|15
τλάω|obj|15
στοναχή|obj|14
ἔσθω|obj|14
τρίαινα|obj|14
ὀδούς|obj|14
ἐμπίμπρημι|obj|14
ἐρεθίζω|obj|14
μεθίημι|obj|14
ἱκέτης|obj|14
πρό|obj|14
λουτρόν|obj|14
ἐπίκλησις|obj|14
κολοσυρτός|obj|14
δηιόω|obj|14
ζυγός|obj|14
ἐρωή|obj|14
ἐρῶ|obj|14
ψεῦδος|obj|14
ἀγρόνδε|obj|14
δαίνυμι|obj|14
νημερτής|obj|14
κρῖ|obj|14
ὀτρύνω|obj|14
μίμνω|obj|14
λίμνη|obj|14
πονέω|obj|14
ὀφρύς|obj|14
Θόας|obj|14
καθύπερθε|obj|14
θείνω|obj|14
βόθρος|obj|14
γάλα|obj|14
ὄπισθεν|obj|14
σώζω|obj|14
πτερόν|obj|14
σημαίνω|obj|14
μέλαθρον|obj|14
Ὀρχομενός|obj|14
ᾍδης|obj|14
πυρά|obj|14
ἱερεύω|obj|14
πέπνυμαι|obj|14
φύξις|obj|14
Αὐτομέδων|obj|13
ἀνίστημι|obj|13
ὁμηλικία|obj|13
ἀφαιρέω|obj|13
ὄλβος|obj|13
ἐκτελέω|obj|13
ἄκρα|obj|13
ἐξέρχομαι|obj|13
τέμενος|obj|13
ποιέω|obj|13
θύελλα|obj|13
ἐπισεύω|obj|13
Σπάρτη|obj|13
ἐκεῖθεν|obj|13
δυσμενής|obj|13
ἀνδρότης|obj|13
τολυπεύω|obj|13
Ἀγήνωρ|obj|13
ὁμοκλή|obj|13
ἔριφος|obj|13
μαστός|obj|13
Κεβριόνης|obj|13
ἐνοπή|obj|13
λέγω|obj|13
κλῆρος|obj|13
ἕδρα|obj|13
ὄπις|obj|13
πατέομαι|obj|13
ἱκάνω|obj|13
Ἐφύρα|obj|13
Τεῦκρος|obj|13
γύαλον|obj|13
ζῶ|obj|13
δηριάομαι|obj|13
διαπέρθω|obj|13
δάμνημι|obj|13
διαρραίω|obj|13
ἐμβάλλω|obj|13
ὅπη|obj|13
νηδύς|obj|13
βάζω|obj|13
λειμών|obj|13
Ἀλκίνοος|obj|13
λίς|obj|13
λαιμός|obj|13
θεοπροπία|obj|13
Τένεδος|obj|13
ῥώψ|obj|13
ἀμφιφορεύς|obj|13
Ἐννοσίγαιος|obj|13
δέμας|obj|13
σειρά|obj|13
πένομαι|obj|13
μαίνομαι|obj|13
ζεύς|obj|13
κρήνη|obj|13
ἐρέτης|obj|13
κτύπος|obj|13
λαγῶς|obj|13
Θήβη|obj|12
στρέφω|obj|12
κάρτος|obj|12
ἀναιρέω|obj|12
ῥινόν|obj|12
Ἐρινύς|obj|12
ἅλαδε|obj|12
Κίρκη|obj|12
κώπη|obj|12
Θῆβαι|obj|12
ῥάπτω|obj|12
Σχερία|obj|12
ἐσχάρα|obj|12
ῥίον|obj|12
διώκω|obj|12
γῆ|obj|12
ἀριστερός|obj|12
ἀφορμάω|obj|12
δόρπος|obj|12
ῥυμός|obj|12
ὀφέλλω|obj|12
ῥέθος|obj|12
κύκλος|obj|12
Λυρνησσός|obj|12
ἐλεός|obj|12
μάσταξ|obj|12
τρόπις|obj|12
ἔναυλος|obj|12
Ὀπόεις|obj|12
γραῦς|obj|12
ὄψις|obj|12
Μέντωρ|obj|12
δείκνυμι|obj|12
φυτόν|obj|12
σίαλος|obj|12
ἀχεύω|obj|12
ἄγκος|obj|12
ὅμαδος|obj|12
ἀναβαίνω|obj|12
δρῦς|obj|12
φήμη|obj|12
ὄνειαρ|obj|12
γαλήνη|obj|12
δαλός|obj|12
ἐξοπίσω|obj|12
πέλαγος|obj|12
φηγός|obj|12
ἄντρον|obj|12
νέκταρ|obj|12
ἄργυρος|obj|12
κλαυθμός|obj|12
ἐγχείη|obj|12
Κύπρος|obj|12
φάλος|obj|12
Παίων|obj|12
κομίζω|obj|12
ἄκμων|obj|12
γηθέω|obj|12
αἶσα|obj|12
δηλέομαι|obj|12
λαμβάνω|obj|12
Πέργαμος|obj|12
βηλός|obj|12
δαίδαλος|obj|12
ἐπαίσσω|obj|11
ἄκρον|obj|11
παρίστημι|obj|11
οἶδα|obj|11
ῥάβδος|obj|11
ὑγρός|obj|11
λωτός|obj|11
βένθος|obj|11
πεδάω|obj|11
καλέω|obj|11
καταβαίνω|obj|11
κόσμος|obj|11
κοτύλη|obj|11
κῆπος|obj|11
πτωχός|obj|11
ἀεικής|obj|11
ὑφορβός|obj|11
αἴσιμος|obj|11
ἐργάζομαι|obj|11
πείρινς|obj|11
Πήδασος|obj|11
ὅρμος|obj|11
εἰσοράω|obj|11
ἐφημοσύνη|obj|11
παλλακίς|obj|11
πλοῦτος|obj|11
ὄψον|obj|11
ξενίζω|obj|11
Λαομέδων|obj|11
αἰνείας|obj|11
κομιδή|obj|11
βαίνω|obj|11
λαῖλαψ|obj|11
ἐντανύω|obj|11
ὁμίχλη|obj|11
ἄλειφαρ|obj|11
παλαιός|obj|11
Καδμεῖος|obj|11
χαλεπαίνω|obj|11
Παρνασός|obj|11
κότος|obj|11
κρατέω|obj|11
ὁμοκλητήρ|obj|11
Κίκονες|obj|11
νομός|obj|11
ἔλδωρ|obj|11
ναίω|obj|11
ἰαύω|obj|11
τάλαρος|obj|11
Ἀίδης|obj|11
πάρειμι|obj|11
ἀπάνευθε|obj|11
ἐμπρήθω|obj|11
σκύλαξ|obj|11
ἑρμίς|obj|11
ἱερεῖον|obj|11
ἐνιπή|obj|11
νύμφη|obj|11
μέτωπον|obj|11
σχεδόν|obj|11
ἄρτιος|obj|11
κνήμη|obj|11
Αἶσα|obj|11
σκοπιά|obj|11
γουνός|obj|11
πελάζω|obj|11
ὁμοιόω|obj|11
θύω|obj|11
κρόταφος|obj|11
ἄγγελος|obj|11
κνημίς|obj|11
κυδοιμός|obj|10
ἔρομαι|obj|10
δοκός|obj|10
γναθμός|obj|10
Ἀστεροπαῖος|obj|10
πῖαρ|obj|10
Μαχάων|obj|10
ἀκμόθετον|obj|10
γλῶσσα|obj|10
ἄγριος|obj|10
ἐπίκουρος|obj|10
ἑτέρωσε|obj|10
κρόσσαι|obj|10
τόκος|obj|10
δέω|obj|10
προχοή|obj|10
ὁπόσος|obj|10
κενεών|obj|10
οἰνοχόος|obj|10
κλῖμαξ|obj|10
ἵμερος|obj|10
δάπεδον|obj|10
σφαῖρα|obj|10
θρῆνυς|obj|10
ἀλείφω|obj|10
χάζω|obj|10
τοσοῦτος|obj|10
στερέω|obj|10
Φοῖνιξ|obj|10
ἑανός|obj|10
Πολύδωρος|obj|10
χήν|obj|10
ἀντιβολέω|obj|10
ἀγορήνδε|obj|10
ῥίζα|obj|10
κρημνός|obj|10
χαίρω|obj|10
ἴχνιον|obj|10
δίπτυχος|obj|10
ἔτης|obj|10
ὀδών|obj|10
ἐρέσσω|obj|10
φράζω|obj|10
ἐφίημι|obj|10
ὤψ|obj|10
βοή|obj|10
ὀρχηστύς|obj|10
πέλω|obj|10
κάπρος|obj|10
ῥινός|obj|10
Χρύση|obj|10
Μηριόνης|obj|10
κατέρχομαι|obj|10
φοβέω|obj|10
στήλη|obj|10
ἀπεῖπον|obj|10
ἀληθής|obj|10
μῶλος|obj|10
κτέαρ|obj|10
̓ἀθήνη|obj|10
ἤρα|obj|10
ἐποτρύνω|obj|10
μελέδημα|obj|10
ἐνέπω|obj|10
αὖλις|obj|10
Τρῳάς|obj|10
δέρκομαι|obj|10
γεραιός|obj|10
Δωδώνη|obj|10
Παίονες|obj|10
ἀρχός|obj|10
καίω|obj|10
κλείω|obj|10
συφεός|obj|10
ἀφροσύνη|obj|10
λύγος|obj|10
κοῦρος|obj|10
πρύμνα|obj|10
ἁλιεύς|obj|10
ἐπαμύνω|obj|9
βῆσσα|obj|9
σύνειμι|obj|9
βίος|obj|9
κρουνός|obj|9
ὑπισχνέομαι|obj|9
Εὐρύκλεια|obj|9
ἑδριάω|obj|9
ἀχλύς|obj|9
ἀριθμέω|obj|9
δεκάς|obj|9
μενοεικής|obj|9
μυρίος|obj|9
Ἱππασίδης|obj|9
Βελλεροφόντης|obj|9
ἐποίχομαι|obj|9
προέχω|obj|9
ἀφικνέομαι|obj|9
Εὐρύμαχος|obj|9
τέχνη|obj|9
ἕλωρ|obj|9
φυτεύω|obj|9
ἀποφθίνω|obj|9
ἄρος|obj|9
Περσεφόνεια|obj|9
καθεύδω|obj|9
κλιτύς|obj|9
ἀρή|obj|9
εὐχωλή|obj|9
ἠνορέη|obj|9
Ταλθύβιος|obj|9
πλήσσω|obj|9
στορέννυμι|obj|9
κατακαίω|obj|9
εὐνάω|obj|9
ὀπτάω|obj|9
βρώμη|obj|9
βάλανος|obj|9
ὁπότερος|obj|9
κατανεύω|obj|9
θήρα|obj|9
νεικέω|obj|9
αἰών|obj|9
πυθμήν|obj|9
αἰζηός|obj|9
βέλεμνον|obj|9
φύγαδε|obj|9
κεδνός|obj|9
ἐκπέρθω|obj|9
Πήλιον|obj|9
Ἀρίσβη|obj|9
θυμοφθόρος|obj|9
πενθερός|obj|9
ὧδε|obj|9
μνηστύς|obj|9
κόπρος|obj|9
χέρνιψ|obj|9
ἀναφαίνω|obj|9
μέρμερος|obj|9
Ῥαδάμανθυς|obj|9
ἔοικα|obj|9
ἀγηνορία|obj|9
ξεινοδόκος|obj|9
τηλόθεν|obj|9
ἐπίσταμαι|obj|9
παῦρος|obj|9
σημάντωρ|obj|9
Τυδεύς|obj|9
ἀρά|obj|9
ἄλαλκε|obj|9
χολόω|obj|9
ζῶμα|obj|9
φορέω|obj|9
ἰθύς|obj|9
πηδάλιον|obj|9
Ἀθῆναι|obj|9
αὖθις|obj|9
κλισίηνδε|obj|9
γνωτός|obj|9
πύρνον|obj|9
δείδω|obj|9
ἡμιπέλεκκον|obj|9
κοιμάω|obj|9
Δηίφοβος|obj|9
ἀεικίζω|obj|9
ἀλιταίνω|obj|8
ἄροτρον|obj|8
ἡμέτερος|obj|8
νήχω|obj|8
ἔθειρα|obj|8
εὐφροσύνη|obj|8
ὄμνυμι|obj|8
ἀναίδεια|obj|8
πάτρη|obj|8
μητίομαι|obj|8
ἤπιος|obj|8
ἐντός|obj|8
κλονέω|obj|8
Θέτις|obj|8
Πάρις|obj|8
Πλειάδες|obj|8
Βοώτης|obj|8
ἄρκτος|obj|8
ἄρτος|obj|8
παρδαλέη|obj|8
νομεύς|obj|8
Βρισηίς|obj|8
σόλος|obj|8
ἡνίον|obj|8
ἕρμα|obj|8
μηνιθμός|obj|8
Ἀστύνοος|obj|8
Κεφαλλήν|obj|8
φθογγή|obj|8
τέρσομαι|obj|8
ἀπειλή|obj|8
ἀγλαία|obj|8
κάπη|obj|8
ζειά|obj|8
Ἶλος|obj|8
χρίω|obj|8
Ἀργειφόντης|obj|8
εὐδικία|obj|8
κριθή|obj|8
τέγος|obj|8
ἐξέρομαι|obj|8
λήιον|obj|8
θητεύω|obj|8
ὀρχέομαι|obj|8
Τειρεσίης|obj|8
δίνη|obj|8
ἀφραδία|obj|8
ἠλάκατα|obj|8
ἄρχω|obj|8
ἑός|obj|8
ἐναίρω|obj|8
ἐντίθημι|obj|8
ἐρίζω|obj|8
ἀθηρηλοιγός|obj|8
ἐφύπερθε|obj|8
ἐπιπλέω|obj|8
κνημός|obj|8
ἄκρις|obj|8
δίψα|obj|8
τανύω|obj|8
ἄγνυμι|obj|8
καλύπτρα|obj|8
ἀμέρδω|obj|8
ματάω|obj|8
ἐκφέρω|obj|8
Τρωιός|obj|8
Θόων|obj|8
Δάρδανος|obj|8
πεύκη|obj|8
ἀφυσγετός|obj|8
Ἀσκάλαφος|obj|8
εὑρίσκω|obj|8
ἔχμα|obj|8
Πτελεός|obj|8
Ἕλενος|obj|8
ἀγκοίνη|obj|8
εἴδωλον|obj|8
ὀρός|obj|8
ἐλέφας|obj|8
δωτίνη|obj|8
Φυλάκη|obj|8
Νηλεύς|obj|8
δάκνω|obj|8
τελαμών|obj|8
μυρίκη|obj|8
σπεύδω|obj|8
ἐπαυρέω|obj|8
Βορέας|obj|8
ἀγχίμολος|obj|8
ἰωκή|obj|8
ἐλάτη|obj|8
ἀρείων|obj|8
αἰπόλιον|obj|8
ἀνάπτω|obj|8
ξεινήιον|obj|8
φῦσα|obj|8
θέσφατος|obj|8
ὀρχηθμός|obj|8
νικάω|obj|8
χεῖλος|obj|8
ὀπίστατος|obj|8
λύθρον|obj|8
ἄελλα|obj|8
πτέρυξ|obj|8
κυλίνδω|obj|8
γέλως|obj|8
κυνέω|obj|8
ἀλέομαι|obj|8
ἀμαλδύνω|obj|8
γαμφηλαί|obj|8
εἰκοσάβοιος|obj|8
ζωή|obj|8
κορέννυμι|obj|8
ὄρνυμι|obj|8
καταδύω|obj|8
ἀπεχθάνομαι|obj|7
ἄπειμι|obj|7
λιπάω|obj|7
ὀπάζω|obj|7
ἄγαμαι|obj|7
ἐγκέφαλος|obj|7
ἐπίηρα|obj|7
σφυρόν|obj|7
πρότονοι|obj|7
οὐρά|obj|7
διδάσκω|obj|7
ἐφόλκαιον|obj|7
φέβομαι|obj|7
ἐπαρήγω|obj|7
Λυκάων|obj|7
μεταλλάω|obj|7
φθία|obj|7
σελήνη|obj|7
κατέδω|obj|7
πολίτης|obj|7
ἀλαοσκοπιά|obj|7
παρηορία|obj|7
καλός|obj|7
Λιβύη|obj|7
ὀδύρομαι|obj|7
αἰγανέη|obj|7
κηρός|obj|7
ἴσος|obj|7
μίτρα|obj|7
ὁμοῦ|obj|7
ὑμέτερος|obj|7
μετόπισθε|obj|7
θῆλυς|obj|7
δεῦτε|obj|7
ἄλλοθεν|obj|7
ῥαίω|obj|7
ἀμφικαλύπτω|obj|7
ἀνεψιός|obj|7
Ἀγχίσης|obj|7
μιμνάζω|obj|7
ἀποτίνω|obj|7
ἀποκτείνω|obj|7
ὕμνος|obj|7
αἱμασιά|obj|7
Κῶς|obj|7
ὄκνος|obj|7
θάμνος|obj|7
ἱερεύς|obj|7
Λέλεγες|obj|7
ἐλεγχείη|obj|7
στόρνυμι|obj|7
ἀποστείχω|obj|7
ἐπεύχομαι|obj|7
κοντός|obj|7
ὑπερέχω|obj|7
ὀπωπή|obj|7
πέτρος|obj|7
Φρύγιος|obj|7
ὄχθη|obj|7
θνητός|obj|7
εἶδος|obj|7
ἐπιγουνίς|obj|7
Μέδων|obj|7
ὀλοφώιος|obj|7
Ὀρέστης|obj|7
φλέψ|obj|7
πρόσθεν|obj|7
ὅμοιος|obj|7
ἐξαλαόω|obj|7
ἐρινεός|obj|7
ἐξαπατάω|obj|7
κραίνω|obj|7
ἐγείρω|obj|7
Πηνειός|obj|7
ἁλίσκομαι|obj|7
θυρεός|obj|7
Ἶρος|obj|7
Μενοιτιάδης|obj|7
καλάμη|obj|7
Ἐλεών|obj|7
λῦμα|obj|7
ὑπεκφεύγω|obj|7
κασσίτερος|obj|7
αἴσυλος|obj|7
ἱέραξ|obj|7
μεθύω|obj|7
πυλαωρός|obj|7
ἁρμονία|obj|7
χείρων|obj|7
θᾶκος|obj|7
οἴχομαι|obj|7
χαλκέων|obj|7
ἀπαγγέλλω|obj|7
ἀλλοδαπός|obj|7
Αἰτωλός|obj|7
Ὑπερησίη|obj|7
πλησίος|obj|7
σκύζομαι|obj|7
ἀπάγω|obj|7
μηχανάομαι|obj|7
Εὐπείθης|obj|7
ἀκουάζομαι|obj|7
πλήθω|obj|7
ἐγχέω|obj|7
χάλαζα|obj|7
ἀντίος|obj|7
κέραμος|obj|7
κεύθω|obj|7
λιμός|obj|7
δίσκος|obj|7
ἱππόθεν|obj|7
ἀποδατέομαι|obj|7
τέταρτος|obj|7
παλάσσω|obj|7
οἶμα|obj|7
πέλεθρον|obj|7
ὀμφαλός|obj|7
θαιρός|obj|7
ἀκρόπολις|obj|7
ἤια|obj|7
Δημόδοκος|obj|7
φυλακεύς|obj|7
δάος|obj|7
ἐπιτρέπω|obj|7
δέσποινα|obj|7
Εὔμαιος|obj|7
ἐφορμάω|obj|7
εὐφραίνω|obj|6
προιάπτω|obj|6
τίκτω|obj|6
διέξειμι|obj|6
κατερύκω|obj|6
νεᾶνις|obj|6
ἀράομαι|obj|6
λήγω|obj|6
πραπίδες|obj|6
ἐναρίζω|obj|6
ἐρητύω|obj|6
ἐπικεράννυμι|obj|6
Φιλομηλεΐδης|obj|6
Πιερία|obj|6
Ἀκάμας|obj|6
Ἀχαιίς|obj|6
περιωπή|obj|6
στεροπή|obj|6
ἀγρόθεν|obj|6
πόα|obj|6
ὁποτέρωθε|obj|6
Λητώ|obj|6
ἴσχιον|obj|6
φυλακή|obj|6
ἀλαπάζω|obj|6
ἀνίημι|obj|6
δάπτω|obj|6
οἴαξ|obj|6
ἀπορρίπτω|obj|6
ἀποδίδωμι|obj|6
εἰσείδω|obj|6
μαντοσύνη|obj|6
στείχω|obj|6
Ἄρνη|obj|6
Ἀρίων|obj|6
ἐγώγε|obj|6
πηός|obj|6
βόσκω|obj|6
ἀνθρακιά|obj|6
κρατευταί|obj|6
ἄωτον|obj|6
ἔχθος|obj|6
διχθά|obj|6
ἄνειμι|obj|6
Αἰθίοψ|obj|6
κλέπτω|obj|6
Διόθεν|obj|6
διέρχομαι|obj|6
λείβω|obj|6
ὄγχνη|obj|6
Ζέφυρος|obj|6
ἱστοπέδη|obj|6
ἴσχω|obj|6
Θρασυμήδης|obj|6
ἀήτης|obj|6
γελάω|obj|6
φιτρός|obj|6
ἑτέρως|obj|6
μάντις|obj|6
ἀμύντωρ|obj|6
κάπριος|obj|6
γένυς|obj|6
ἡγέομαι|obj|6
Μελάνιππος|obj|6
σιωπάω|obj|6
τάχος|obj|6
Χίμαιρα|obj|6
ἀλήθεια|obj|6
ὑφαίνω|obj|6
ἑρκίον|obj|6
φάτνη|obj|6
φορβή|obj|6
ἐκπίνω|obj|6
φρονέω|obj|6
ὁμιλέω|obj|6
ναύτης|obj|6
ἄλλυδις|obj|6
ἔμβρυον|obj|6
δαιτυμών|obj|6
τραφερός|obj|6
παράκοιτις|obj|6
ἀργει~ος|obj|6
κίθαρις|obj|6
πλευρόν|obj|6
̓ὀδυσσεύς|obj|6
στοναχέω|obj|6
Χρύσης|obj|6
πεζός|obj|6
Ἠλείοι|obj|6
ῥύσιον|obj|6
ἀλέω|obj|6
παρά|obj|6
τέμνω|obj|6
πήγνυμι|obj|6
μάχαιρα|obj|6
μήρινθος|obj|6
εἰσεῖδον|obj|6
Ἀφαρεύς|obj|6
Στέντωρ|obj|6
Κίλλα|obj|6
περάτη|obj|6
Ἀρήνη|obj|6
Αἰπύ|obj|6
Κυπαρισσήεις|obj|6
Ἀμφιγένεια|obj|6
Ἕλος|obj|6
Δώριον|obj|6
Θάμυρις|obj|6
Δουλίχιον|obj|6
Οἰνόμαος|obj|6
ἀλήτης|obj|6
οἴκοθεν|obj|6
χαρίζομαι|obj|6
λυγρός|obj|6
πολυμηχανία|obj|6
πρότερος|obj|6
ὀθόνη|obj|6
ἄγρα|obj|6
χόανος|obj|6
εἱανός|obj|6
ἐσσύμενος|obj|6
Χάρις|obj|6
μέλι|obj|6
σφήξ|obj|6
ἀέξω|obj|6
κορμός|obj|6
μέγεθος|obj|6
θεοπρόπιον|obj|6
πίθος|obj|6
ὁρμάω|obj|6
σέλας|obj|6
κτερείζω|obj|6
ἀράχνιον|obj|6
κεραίζω|obj|6
δεύω|obj|6
παρέρχομαι|obj|6
οὐλαμός|obj|6
κίρκος|obj|6
ὑποστορέννυμι|obj|6
πράσσω|obj|6
Μοῦσα|obj|6
ἀρέσκω|obj|6
ὁμόσε|obj|6
ἡγήτωρ|obj|6
νεοσσός|obj|6
τοῖος|obj|6
ὅλμος|obj|6
εἵς|obj|6
στρόμβος|obj|6
ὄνθος|obj|6
ποτή|obj|6
ἀκοντίζω|obj|6
πήρα|obj|6
ἕννυμι|obj|6
χαλέπτω|obj|6
Χαλκίς|obj|6
ὀσμή|obj|6
ἀλλότριος|obj|6
δάω|obj|6
αὐτόφι|obj|6
πόκος|obj|6
χερμάδιον|obj|6
Αἴγυπτος|obj|6
Ἀνδρομάχη|obj|6
ἵζω|obj|6
Κακοίλιος|obj|6
τολμάω|obj|6
τρίβω|obj|6
ἄθυρμα|obj|6
ἀγυιά|obj|6
καταδάπτω|obj|6
ἄλσος|obj|6
Ἀμυδών|obj|6
κεῖσε|obj|6
λέσχη|obj|6
λέχοσδε|obj|6
συνθεσία|obj|6
ἵημι|obj|6
Πάνδαρος|obj|6
γηράσκω|obj|6
Καλυψώ|obj|6
ἄγαλμα|obj|6
δύη|obj|6
φθινύθω|obj|6
ὑπόσχεσις|obj|6
εὐλή|obj|6
ἐγγείνωνται|obj|6
σήπω|obj|6
παλίωξις|obj|5
κάλπις|obj|5
γεύω|obj|5
πτέρνη|obj|5
γλυφίς|obj|5
νεῦρον|obj|5
ἐνωπή|obj|5
ἐπιτέλλω|obj|5
δαῖς|obj|5
ἐξερύω|obj|5
Ἠμαθίη|obj|5
χαλιφρονέω|obj|5
σαοφροσύνη|obj|5
ἁλόθεν|obj|5
φλέγμα|obj|5
ποδώκεια|obj|5
εἴδω|obj|5
ἀναρπάζω|obj|5
Αἴολος|obj|5
ἄντομαι|obj|5
Ἄλος|obj|5
Ἀλόπη|obj|5
Τραχίς|obj|5
ὀπυίω|obj|5
Βουπρασίον|obj|5
ψευδής|obj|5
στεφάνη|obj|5
πτύγμα|obj|5
νηπιαχεύω|obj|5
θάλεα|obj|5
Λέσβος|obj|5
λύσσα|obj|5
Ἰφιτίων|obj|5
Ὀτρυντεύς|obj|5
Ὀρτίλοχος|obj|5
λάρναξ|obj|5
κόνις|obj|5
φόρτος|obj|5
Αὐτόλυκος|obj|5
ὑπόδημα|obj|5
βάραθρον|obj|5
δελφίς|obj|5
παραδαρθάνω|obj|5
χροιά|obj|5
ποθή|obj|5
Ἀλκάθοος|obj|5
ἐξίημι|obj|5
πτώσσω|obj|5
τέλσον|obj|5
καθίζω|obj|5
καταλύω|obj|5
τίω|obj|5
ἔρνος|obj|5
ἄημι|obj|5
κρανίον|obj|5
σεύω|obj|5
ἀποκρύπτω|obj|5
Καλυδών|obj|5
ὀνειροπόλος|obj|5
συνδέω|obj|5
καλύπτω|obj|5
δουπέω|obj|5
Ἰλιόθεν|obj|5
πυρπολέω|obj|5
ἑταιρίζω|obj|5
βοάω|obj|5
ζώννυμι|obj|5
ἀέθλιον|obj|5
οἰνοχοέω|obj|5
δρυμός|obj|5
χοή|obj|5
ὄργυια|obj|5
ἀποξύνω|obj|5
πτύξ|obj|5
ἀτραπός|obj|5
Ὀθρυονεύς|obj|5
Κασσάνδρη|obj|5
προμάχομαι|obj|5
ἑξῆς|obj|5
ἀμοιβή|obj|5
εἰρεσία|obj|5
κρύπτω|obj|5
ἡνιοχεύς|obj|5
περικτίονες|obj|5
ὀρεύς|obj|5
ἠπεροπεύω|obj|5
σταφυλή|obj|5
φιάλη|obj|5
Κύπρις|obj|5
λαπάρα|obj|5
ἀριστεύω|obj|5
αἰσχύνω|obj|5
θύρετρα|obj|5
ἐξαπονέομαι|obj|5
Μάλεια|obj|5
οὐρίαχος|obj|5
μῆχος|obj|5
προσαμύνω|obj|5
δωδώνη|obj|5
ἄφενος|obj|5
Ἄμφιος|obj|5
Εὔβοια|obj|5
ἀθεμίστιος|obj|5
ἀμφιβάλλω|obj|5
εἴλυμα|obj|5
περόνη|obj|5
θωή|obj|5
γυιόω|obj|5
ἱστοδόκη|obj|5
χέω|obj|5
πρών|obj|5
δέσμα|obj|5
κάμπτω|obj|5
πρόχοος|obj|5
νίζω|obj|5
ποθεν|obj|5
ἐπιφροσύνη|obj|5
κατερύω|obj|5
ἵκω|obj|5
ἰωχμός|obj|5
ἀπαυράω|obj|5
πάτροκλος|obj|5
τειχίζω|obj|5
ἀίω|obj|5
πεδίονδε|obj|5
ἧλος|obj|5
κόρος|obj|5
τροίανδε|obj|5
κελητίζω|obj|5
τρέφω|obj|5
Ῥέα|obj|5
Κρόνος|obj|5
στόνος|obj|5
ἐγγυαλίζω|obj|5
ζωάγρια|obj|5
πυρεύς|obj|5
μαχλοσύνη|obj|5
Αἰσύμηθεν|obj|5
ἀπατήλιος|obj|5
ὁρμαίνω|obj|5
ἄντλος|obj|5
πυγμαχία|obj|5
ἀργής|obj|5
ἔξεστι|obj|5
πομπός|obj|5
Λυκίηθεν|obj|5
ῥιγόω|obj|5
θάλαμόνδε|obj|5
νιφετός|obj|5
Σκάμανδρος|obj|5
μνηστεύω|obj|5
Σιδονίηθεν|obj|5
πηνίον|obj|5
μίτος|obj|5
κυβερνάω|obj|5
θεῖον|obj|5
Θρῄκηνδε|obj|5
Πάφος|obj|5
τέκμαρ|obj|5
Ἄμφικλος|obj|5
σκέλος|obj|5
Μελέαγρος|obj|5
Δουλίχιόδε|obj|5
ἀλητεύω|obj|5
ἀποπέμπω|obj|5
ὄρνεον|obj|5
ἀίσσω|obj|5
Κρονίδης|obj|5
ἀρνειός|obj|5
ὁπλίζω|obj|5
δίχα|obj|5
νοῦσος|obj|5
῎ἴλιος|obj|5
ἀνατλῆναι|obj|5
ὑποδάμναμαι|obj|5
ἐχθαίρω|obj|5
ὀμφή|obj|5
ἐπιμέμφομαι|obj|5
ὅπλομαι|obj|5
ἔπαυλος|obj|5
Αἴγισθος|obj|5
Κλεῖτος|obj|5
ἄσθμα|obj|5
Ἴμβριος|obj|5
ῥωπήιον|obj|5
ἄζα|obj|5
ἄχθος|obj|5
ἀμφιβασις|obj|5
μεθέπω|obj|5
ἐξερεείνω|obj|5
φρόνις|obj|5
κεμάς|obj|5
τοξεύω|obj|5
σφέτερος|obj|5
σκίδνημι|obj|5
διακρίνω|obj|5
δυώδεκα|obj|5
ῥυπάω|obj|5
γλουτός|obj|5
Ἑλίκη|obj|5
σταθμόν|obj|5
πέζα|obj|5
κρίκος|obj|5
ἕστωρ|obj|5
γλωχίν|obj|5
ἀτιμάζω|obj|5
ὄλβιος|obj|5
ἀστός|obj|5
νήπιος|obj|5
ἔνδινα|obj|5
ἐνθένδε|obj|5
πα~ς|obj|5
τυγχάνω|obj|5
μενοινάω|obj|5
περιβαίνω|obj|5
καμμονίη|obj|5
μέγαρόνδε|obj|5
Ἀμφίμαχος|obj|5
Πέλοψ|obj|5
Ἀτρεύς|obj|5
ἐπισφύρια|obj|5
πινυτή|obj|5
κούρητες|obj|5
θαλλός|obj|5
σκύφος|obj|5
αἴθυια|obj|5
Πυραίχμης|obj|5
Ἀξιός|obj|5
Ἀδράστεια|obj|5
Πιτύεια|obj|5
Ἐνυάλιος|obj|5
σκέδασις|obj|5
τῆθος|obj|5
ἔνδοθι|obj|5
στρεύγομαι|obj|5
μῆρα|obj|5
Ἄρτεμις|obj|5
ἔρσα|obj|4
ψιάς|obj|4
ὄρχατος|obj|4
οὐρός|obj|4
συλάω|obj|4
στειλειή|obj|4
μεσόδμη|obj|4
βοεύς|obj|4
ἐπιπέτομαι|obj|4
κλίνω|obj|4
ὁμῆλιξ|obj|4
ἀγορῆθεν|obj|4
ἱπποσύνη|obj|4
δουλοσύνη|obj|4
οἴμη|obj|4
ἔνειμι|obj|4
ἀμφίς|obj|4
ὁμόω|obj|4
μυῖα|obj|4
συνόχωκα|obj|4
περκνός|obj|4
ἑκατόμβοιος|obj|4
Γλαῦκος|obj|4
μετανάστης|obj|4
καλαῦροψ|obj|4
Ὑπείρων|obj|4
ἀφίημι|obj|4
ἀνέρχομαι|obj|4
ὀπτός|obj|4
ἐρείδω|obj|4
εἴκω|obj|4
ὠκύς|obj|4
Σάμη|obj|4
ἄριστον|obj|4
ἄγυρις|obj|4
κῶμα|obj|4
ἀλεωρή|obj|4
ὁμοκλέω|obj|4
χρῄζω|obj|4
κασιγνήτη|obj|4
φυή|obj|4
ἀθρέω|obj|4
Νεστορίδης|obj|4
ἔξειμι|obj|4
ὁδοιπόρος|obj|4
εὐνομία|obj|4
εὐεργεσία|obj|4
Ἄσιος|obj|4
ἀφίστημι|obj|4
ἄφρων|obj|4
προτεύχω|obj|4
ὕπνον|obj|4
ἄφλαστον|obj|4
στρωφάω|obj|4
μογέω|obj|4
ὄαρ|obj|4
μερμηρίζω|obj|4
κικλήσκω|obj|4
δεξιός|obj|4
αἰτίζω|obj|4
σκέπας|obj|4
καθίστημι|obj|4
ἐφίζω|obj|4
ἀρόω|obj|4
διοιστεύω|obj|4
ἄκυλος|obj|4
ἀντάω|obj|4
ἐκπίπτω|obj|4
ἰξύς|obj|4
ἀεικία|obj|4
ῥῆσις|obj|4
παρήορος|obj|4
σποδιά|obj|4
σπέρμα|obj|4
οἶος|obj|4
Ἀλκμάων|obj|4
Φοῖβος|obj|4
νίφω|obj|4
κῆλον|obj|4
Ἀμαρυγκεύς|obj|4
ποῖος|obj|4
Δαρδανία|obj|4
ὑπώρεια|obj|4
ἀλαωτύς|obj|4
ὁρμαθός|obj|4
μηλοβοτήρ|obj|4
φύω|obj|4
ἔκλησις|obj|4
ἄλλοσε|obj|4
Ἄρητος|obj|4
ἀέκων|obj|4
ἐίσκω|obj|4
τρεῖς|obj|4
Σιμόεις|obj|4
Δηίπυρος|obj|4
ἰάχω|obj|4
ἔτυμος|obj|4
Φαῖνοψ|obj|4
Πανοπεύς|obj|4
Ζέλεια|obj|4
Ἀσπληδών|obj|4
πέρθω|obj|4
Ἰαωλκός|obj|4
πηδάω|obj|4
κάτειμι|obj|4
φύσις|obj|4
ἐπιτίθημι|obj|4
ἐπιμένω|obj|4
αὔριον|obj|4
ἀποκόπτω|obj|4
κόρυμβος|obj|4
ἐπίορκος|obj|4
ἐπιφέρω|obj|4
ταρσός|obj|4
Ἠετίων|obj|4
δορός|obj|4
μήδομαι|obj|4
Βοιωτός|obj|4
Ὑρίη|obj|4
Αὐλίς|obj|4
Σχοῖνος|obj|4
Σκῶλος|obj|4
Ἐτεωνός|obj|4
Θέσπεια|obj|4
Γραῖα|obj|4
Μυκαλησσός|obj|4
Εἰλέσιον|obj|4
Ἐρυθραί|obj|4
Ὕλη|obj|4
Πετεών|obj|4
Ὠκαλέη|obj|4
Κώπη|obj|4
Εὔτρησις|obj|4
Θίσβη|obj|4
Κορώνεια|obj|4
Ἁλίαρτος|obj|4
Πλάταια|obj|4
Γλίσας|obj|4
Μίδεια|obj|4
Νῖσα|obj|4
Ἀνθηδών|obj|4
κόνιος|obj|4
Λαόγονος|obj|4
Ἱππόθοος|obj|4
ῥηγμίς|obj|4
ὑποτρέω|obj|4
ἀναδύνω|obj|4
σκύμνος|obj|4
χύσις|obj|4
Δηιπύλος|obj|4
κήδω|obj|4
κολοιός|obj|4
ψάρ|obj|4
ὑποβάλλω|obj|4
σπεῖρον|obj|4
Γίγας|obj|4
ἐκπέμπω|obj|4
φῖλος|obj|4
θόλος|obj|4
ὑλαγμός|obj|4
νήιος|obj|4
νέμεσις|obj|4
πειράζω|obj|4
εἴρω|obj|4
διακείρω|obj|4
τείνω|obj|4
μόσχος|obj|4
περιγίγνομαι|obj|4
τηλύγετος|obj|4
ὁδεύω|obj|4
Σθένελος|obj|4
ἰοχέαιρα|obj|4
ἐπιπλήσσω|obj|4
Ἄιδης|obj|4
ὑπεξαλεύω|obj|4
Ὄλυμπόνδε|obj|4
ὑποδέχομαι|obj|4
ἀναπίμπλημι|obj|4
βροντή|obj|4
πεινάω|obj|4
δακρυπλώω|obj|4
ἴφθιμος|obj|4
πόντονδε|obj|4
δαιτρόν|obj|4
σκέπαρνον|obj|4
εἴδομαι|obj|4
τοι|obj|4
πιστόω|obj|4
σηκός|obj|4
πέδον|obj|4
τυτθός|obj|4
ἀνδράγρια|obj|4
ἀμείβω|obj|4
θρέπτρα|obj|4
δρέπανον|obj|4
μορφή|obj|4
ὄνυξ|obj|4
ἐφέζομαι|obj|4
Μαραθών|obj|4
ὁμοφροσύνη|obj|4
ἐξεναρίζω|obj|4
περιφύομαι|obj|4
ἀμύμων|obj|4
μαντεῖον|obj|4
θύος|obj|4
κευθμών|obj|4
ὠδίς|obj|4
ἁνδάνω|obj|4
αὐδάω|obj|4
κόλλοψ|obj|4
χορδή|obj|4
λοιβή|obj|4
ἄθλιος|obj|4
κεκαφηώς|obj|4
τοιόσδε|obj|4
σφέλας|obj|4
Εἰρέτρια|obj|4
Ἱστίαια|obj|4
Κήρινθος|obj|4
Κάρυστος|obj|4
Στύρα|obj|4
ἀφρός|obj|4
περίειμι|obj|4
δαίτηθεν|obj|4
μείλιγμα|obj|4
οὐλαί|obj|4
ἠριγένεια|obj|4
πού|obj|4
Ἄργισσα|obj|4
Γυρτώνη|obj|4
Ὄρθη|obj|4
Ἠλώνη|obj|4
Πειρίθοος|obj|4
φήρ|obj|4
Αἴθικες|obj|4
Μίνως|obj|4
Σπερχειός|obj|4
βῶρος|obj|4
Δαρδάνιος|obj|4
λάχνη|obj|4
νέω|obj|4
καναχή|obj|4
ἀχαιός|obj|4
ἀποίχομαι|obj|4
Κόρινθος|obj|4
Κλεωναί|obj|4
Ὀρνειαί|obj|4
Ἀραιθυρέη|obj|4
Σικυών|obj|4
Γονόεσσα|obj|4
Πελλήνη|obj|4
Αἴγιον|obj|4
Αἰγιαλός|obj|4
Μηθώνη|obj|4
Θαυμακίη|obj|4
Μελίβοια|obj|4
Ὀλιζών|obj|4
σταθμόνδε|obj|4
κιθαριστύς|obj|4
ἀκωκή|obj|4
κρατερός|obj|4
κείρω|obj|4
ἄωτος|obj|4
ἀπαμύνω|obj|4
δειδίσσομαι|obj|4
κερτομία|obj|4
ὅθεν|obj|4
ταχυτής|obj|4
ῥύπος|obj|4
λᾶιγξ|obj|4
τροπός|obj|4
Ἴσμαρος|obj|4
Αἰγαί|obj|4
ἀπορραίω|obj|4
ἰσόμορος|obj|4
κρεμάννυμι|obj|4
ὅρμημα|obj|4
λέπαδνον|obj|4
ἐπισχεσία|obj|4
ἀποφώλιος|obj|4
κώληψ|obj|4
καταδημοβορέω|obj|4
νωμάω|obj|4
νοτία|obj|4
Μυκήνη|obj|4
Πείσανδρος|obj|4
ἐξαναλύω|obj|4
῎ἄρης|obj|4
Κρής|obj|4
φώκη|obj|4
Εἰλείθυια|obj|4
ῥόπαλον|obj|4
δῆρις|obj|4
ἤτορ|obj|4
κυνέα|obj|4
πλόος|obj|4
Ἀσκανίη|obj|4
ἀθλεύω|obj|4
Εὐρυβάτης|obj|4
δῆνος|obj|4
ἐπεσβολία|obj|4
Ξάνθος|obj|4
ἱρός|obj|4
Ῥόδος|obj|4
κέλαδος|obj|4
γραπτύς|obj|4
χειρίς|obj|4
εἴκοσι|obj|4
προχέω|obj|4
Αἰακίδης|obj|4
εἰσέρχομαι|obj|4
δόναξ|obj|4
ἐπέρχομαι|obj|4
παρίσχω|obj|4
ὑπερβάλλω|obj|3
προίξ|obj|3
ἐπισκύνιον|obj|3
χάσκω|obj|3
Ἀπισάων|obj|3
Εὐρύπυλος|obj|3
ἐπιλλίζω|obj|3
κέλομαι|obj|3
δαίζω|obj|3
ἔνδοθεν|obj|3
ὑπακούω|obj|3
θήιον|obj|3
δύστηνος|obj|3
λόγος|obj|3
θαῦμα|obj|3
πρόμος|obj|3
αἶθρος|obj|3
ἐφευρίσκω|obj|3
Ἀρχεπτόλεμος|obj|3
στηρίζω|obj|3
ἶρις|obj|3
καίνυμαι|obj|3
κτέομαι|obj|3
ἀρωγή|obj|3
Ἀλφειός|obj|3
ἀνάλκεια|obj|3
μηδείς|obj|3
ἄροσις|obj|3
Ἅλιος|obj|3
Νοήμων|obj|3
Κλεόβουλος|obj|3
κάλυμμα|obj|3
Τάρταρος|obj|3
νάκος|obj|3
βοάγριον|obj|3
πόλεμόνδε|obj|3
Ἐρευθαλίων|obj|3
δύναμις|obj|3
Ἀρηίθοος|obj|3
Ἱπποδάμεια|obj|3
κείω|obj|3
δολοφροσύνη|obj|3
ὑποκρίνομαι|obj|3
ἄσταχυς|obj|3
ὑετός|obj|3
Κουρῆτες|obj|3
ἐπιχειρέω|obj|3
ἰότης|obj|3
κατακείω|obj|3
ἐλατήρ|obj|3
λῃστήρ|obj|3
Θεσπρωτοί|obj|3
ποντοπορεύω|obj|3
χερείων|obj|3
καταλείπω|obj|3
γαμβρός|obj|3
Αἰήτης|obj|3
ἱππόσυνος|obj|3
Σῶκος|obj|3
Εὔμηλος|obj|3
ἐπιδίδωμι|obj|3
ἀρχεύω|obj|3
κηρύσσω|obj|3
ἀποβαίνω|obj|3
χνόος|obj|3
Μῃονίη|obj|3
πρόσφημι|obj|3
κρεῖον|obj|3
ῥάχις|obj|3
προβλώσκω|obj|3
ἐκπαιφάσσω|obj|3
Μολίων|obj|3
τίσις|obj|3
Σικελός|obj|3
ἄξιος|obj|3
ἐχθοδοπέω|obj|3
χέραδος|obj|3
ἀναλέγω|obj|3
Σάτνιος|obj|3
Ἱπποδάμας|obj|3
φάτις|obj|3
προβαίνω|obj|3
ἀσφάραγος|obj|3
Κύθηρα|obj|3
ἐφοπλίζω|obj|3
ζῶστρον|obj|3
Πέργαμον|obj|3
κολῳός|obj|3
ἄγχι|obj|3
Φωκεύς|obj|3
κυπάρισσος|obj|3
Πυθών|obj|3
Κρῖσα|obj|3
Δαυλίς|obj|3
Ἀνεμώρεια|obj|3
Ὑάμπολις|obj|3
Λίλαια|obj|3
Ἄξυλος|obj|3
Τεύθρας|obj|3
Τρῆχος|obj|3
Ὀρέσβιος|obj|3
Ὑπέρεια|obj|3
Ἄι|obj|3
ἡμιτάλαντον|obj|3
ὀρίνω|obj|3
ἐφημέριος|obj|3
ἀνάγκη|obj|3
σπεῖος|obj|3
κίστη|obj|3
Δηίοχος|obj|3
νέστωρ|obj|3
πόσε|obj|3
Σκύλλα|obj|3
Παναχαιοί|obj|3
πλόκαμος|obj|3
ταμία|obj|3
φοινίκη|obj|3
Αἰγύπτιος|obj|3
Σιδόνιος|obj|3
Ἐρεμβοί|obj|3
τομή|obj|3
μολπή|obj|3
δινεύω|obj|3
πῶλος|obj|3
κάπετος|obj|3
κόρση|obj|3
βοτήρ|obj|3
κρόμυον|obj|3
δορπέω|obj|3
διίημι|obj|3
ἀρνευτήρ|obj|3
τέττιξ|obj|3
νιφάς|obj|3
γόμφος|obj|3
φλιά|obj|3
ἄκολος|obj|3
τρίτος|obj|3
πέταλον|obj|3
κωκυτός|obj|3
οἰμωγή|obj|3
ἀπινύσσω|obj|3
Μενοίτιος|obj|3
κληδών|obj|3
ἀική|obj|3
πέδη|obj|3
ἐτεός|obj|3
μαντεύομαι|obj|3
ὀπτήρ|obj|3
νῆμα|obj|3
ἐκλανθάνω|obj|3
Πατροκλῆς|obj|3
παρακοίτης|obj|3
ὑπομένω|obj|3
παραμυθέομαι|obj|3
τέκμωρ|obj|3
πνέω|obj|3
ἐποχέομαι|obj|3
ἀγλαίζω|obj|3
εὐχετάομαι|obj|3
μέλω|obj|3
ἰλύς|obj|3
σχεδόθεν|obj|3
ποδάνιπτρον|obj|3
Τυρώ|obj|3
Αἵδης|obj|3
ὅρος|obj|3
Πρωτεσίλαος|obj|3
ἀσκελής|obj|3
ἀνύω|obj|3
ἀπολυμαίνομαι|obj|3
ἑλλός|obj|3
ἀσπαίρω|obj|3
προρέω|obj|3
κραδίας|obj|3
ἐνικλάω|obj|3
ἀκοντιστύς|obj|3
ἄργμα|obj|3
μέδων|obj|3
κρίνω|obj|3
εἴρερος|obj|3
ἰσόπεδον|obj|3
σοφία|obj|3
ἀποσκίδναμαι|obj|3
μέγας|obj|3
Πύλιος|obj|3
ἕζομαι|obj|3
ἐμπίπτω|obj|3
εὖγμα|obj|3
ἠλασκάζω|obj|3
ἀναγιγνώσκω|obj|3
Κόων|obj|3
βρόχος|obj|3
εὐφημέω|obj|3
βοτάνη|obj|3
μενέλαος|obj|3
Ὑψήνωρ|obj|3
κουρότερος|obj|3
πότερος|obj|3
νηπιάα|obj|3
ὀχέω|obj|3
ψεύδω|obj|3
Ἀδάμας|obj|3
δώδεκα|obj|3
διαβαίνω|obj|3
κάμμορος|obj|3
πολυιδρεία|obj|3
πυρετός|obj|3
πρῶτος|obj|3
στέμμα|obj|3
δεῖμα|obj|3
Ἀσωπός|obj|3
Περκώτη|obj|3
Πράκτιος|obj|3
Σηστός|obj|3
Ἄβυδος|obj|3
ἰατρός|obj|3
μολύβδαινα|obj|3
βυσσός|obj|3
ἐξεσία|obj|3
κρήνηνδε|obj|3
Πυλόθεν|obj|3
ἄκανθα|obj|3
Ἀμφιδάμας|obj|3
ἐφίστημι|obj|3
κατατίθημι|obj|3
παιάν|obj|3
Σίσυφος|obj|3
σπόγγος|obj|3
ἐπιπροίημι|obj|3
τρομέω|obj|3
ποίμνη|obj|3
ἄροτος|obj|3
ἔνεροι|obj|3
Δευκαλίων|obj|3
Θεανώ|obj|3
Φεραί|obj|3
Βοίβη|obj|3
Γλαφύραι|obj|3
Ἄδμητος|obj|3
Πηλεγών|obj|3
Πολυφείδης|obj|3
Φηραί|obj|3
μάσσω|obj|3
ζεύγλη|obj|3
ὄρχος|obj|3
λάχνος|obj|3
πυκνός|obj|3
ἀλύσσω|obj|3
καίριος|obj|3
πνεύμων|obj|3
πηγή|obj|3
πῖσος|obj|3
Φᾶρις|obj|3
Μέσση|obj|3
Βρυσειαί|obj|3
Αὐγειαί|obj|3
Ἀμύκλαι|obj|3
Λάας|obj|3
Οἴτυλος|obj|3
Ἀρκαδία|obj|3
Φενεός|obj|3
Ῥίπη|obj|3
Στρατίη|obj|3
Ἐνίσπη|obj|3
Τεγέα|obj|3
Μαντινέη|obj|3
Στύμφαλος|obj|3
Παρρασίη|obj|3
Νήριτος|obj|3
Κροκύλεια|obj|3
Αἰγίλιψ|obj|3
Ζάκυνθος|obj|3
Σάμος|obj|3
ἀντιπέραιος|obj|3
νέμω|obj|3
θάλος|obj|3
ἔχθω|obj|3
πεύθομαι|obj|3
κίω|obj|3
ἁμαρτάνω|obj|3
πλῆθος|obj|3
προθυμία|obj|3
σφάλλω|obj|3
Τληπόλεμος|obj|3
Ἀντιφάτης|obj|3
δαιτύς|obj|3
προβιβάζω|obj|3
ἀποσφάλλω|obj|3
ἐνιαυτός|obj|3
ἐπιστάτης|obj|3
καταφθίω|obj|3
ἐναίσιμος|obj|3
ἄντα|obj|3
πλατάνιστος|obj|3
κακορραφία|obj|3
ἱμάσσω|obj|3
φρίξ|obj|3
αἰδοῖος|obj|3
τρέπω|obj|3
θύσανος|obj|3
λοβός|obj|3
χαλινός|obj|3
Κρήτηνδε|obj|3
μισγάγκεια|obj|3
ποτινίσσομαι|obj|3
αἴθρη|obj|3
Μόλος|obj|3
περίοιδα|obj|3
μῆκος|obj|3
κύπρος|obj|3
πελειάς|obj|3
ὁμήγυρις|obj|3
θαλάμη|obj|3
κοτυληδών|obj|3
ὀλολύζω|obj|3
ἰάλλω|obj|3
ὄγκος|obj|3
ἀορτήρ|obj|3
κανών|obj|3
σταμίνες|obj|3
βίβημι|obj|3
μάκελλα|obj|3
ἀμάρα|obj|3
Πρόνοος|obj|3
Δημοῦχος|obj|3
βουβών|obj|3
Κτήσιππος|obj|3
πάλλω|obj|3
ἄκος|obj|3
ἀριθμός|obj|3
Ἀσκληπιάδης|obj|3
ἆσθμα|obj|3
ἀναπνέω|obj|3
Ἀντρών|obj|3
εὔληρα|obj|3
λωβητήρ|obj|3
ῥιπή|obj|3
εἶρος|obj|3
̓ἀρήτη|obj|3
Τάνταλος|obj|3
κισσύβιον|obj|3
λώπη|obj|3
κειμήλιος|obj|3
αὖτε|obj|3
πολεύω|obj|3
φάρυγξ|obj|3
μοχθέω|obj|3
δοκέω|obj|3
συνελαύνω|obj|3
σοί|obj|3
ἀφύσσω|obj|3
χανδάνω|obj|3
Ἴφικλος|obj|3
Φυλεύς|obj|3
δαίτης|obj|3
Ὄσσα|obj|3
πρέσβυς|obj|3
ἐρύομαι|obj|3
ἐνειμί|obj|3
ἀπηνής|obj|3
φωριαμός|obj|3
εὐνάζω|obj|3
παρήιον|obj|3
ταρβοσύνη|obj|3
νεμεσάω|obj|3
ἀνδροκτασία|obj|3
ἄλη|obj|3
ἀποπαύω|obj|3
μετακλαίω|obj|3
ἀνεγείρω|obj|3
δέρτρον|obj|3
ἄνευθε|obj|3
νύσσα|obj|3
Ἄθως|obj|3
μεταίζω|obj|3
θέτις|obj|3
ἀρκέω|obj|3
ἐπείγω|obj|3
Θρᾴκη|obj|3
ὑπερφίαλος|obj|3
Φεαί|obj|3
δύναμαι|obj|3
ἀντιφέρω|obj|3
δίζημαι|obj|3
ἀναίτιος|obj|2
ἐρωέω|obj|2
ἀναπλέω|obj|2
Φιλοκτήτης|obj|2
ὀνίνημι|obj|2
ἀποφέρω|obj|2
ἀπαλέξω|obj|2
νειός|obj|2
Κλυτομήδης|obj|2
Ἀγκαῖος|obj|2
εὐνῆθεν|obj|2
εὔκλεια|obj|2
κρόκος|obj|2
ὑάκινθος|obj|2
Θρᾷξ|obj|2
ἑκατόγχειρος|obj|2
ἵνα|obj|2
θαλαμόνδε|obj|2
θεοπρόπος|obj|2
τριακόσιοι|obj|2
Πάνδοκος|obj|2
Λύσανδρος|obj|2
Πύρασος|obj|2
Πυλάρτης|obj|2
Χρομίος|obj|2
Ἐχίος|obj|2
Μύδων|obj|2
Ὀφελέστης|obj|2
πτελέα|obj|2
Φύλακος|obj|2
Ἄδρηστος|obj|2
δέος|obj|2
μυχόνδε|obj|2
Μόρυς|obj|2
Ἱπποτίων|obj|2
Προθόων|obj|2
Περιφήτης|obj|2
ἰατήρ|obj|2
Οϊκλῆς|obj|2
Ἀμφιάραος|obj|2
μυελός|obj|2
ἐπιπταίρω|obj|2
ἐνταῦθα|obj|2
αἰγιαλός|obj|2
σβέννυμι|obj|2
Ἰκάριος|obj|2
γάστρα|obj|2
ὄλυρα|obj|2
μαργαίνω|obj|2
ἀργεῖος|obj|2
Τεμέση|obj|2
Ἔρεβόσδε|obj|2
ἀναχωρέω|obj|2
λαοδάμας|obj|2
γνύξ|obj|2
ἐλεητύς|obj|2
ἀγινέω|obj|2
τρώγω|obj|2
ἄγρωστις|obj|2
λαμπτήρ|obj|2
ἔκφημι|obj|2
Ἐρύμας|obj|2
κύμβαχος|obj|2
Χερσιδάμας|obj|2
πρότμησις|obj|2
ἀμείνων|obj|2
Πρόμαχος|obj|2
Δηιοπίτης|obj|2
Ἔννομος|obj|2
Ἀτύμνιος|obj|2
ἐπιγράφω|obj|2
οὐτάζω|obj|2
ὄρπηξ|obj|2
ὑπερτερία|obj|2
Πήδαιος|obj|2
Παφλαγών|obj|2
Ἐνετοί|obj|2
Κύτωρος|obj|2
Σήσαμος|obj|2
Δόλοψ|obj|2
Μάγνης|obj|2
Μελάμπους|obj|2
ποταμόνδε|obj|2
αἶνος|obj|2
Θρῄκηθεν|obj|2
φῦκος|obj|2
χειμών|obj|2
ὑποκλονέομαι|obj|2
ἄγκιστρον|obj|2
ἄμυδις|obj|2
σαυρωτήρ|obj|2
ἐπιχέω|obj|2
τελέθω|obj|2
ὑπερβαίνω|obj|2
ζεῦγος|obj|2
καυλός|obj|2
σπιλάς|obj|2
Ἔχεκλος|obj|2
Ἄντιφος|obj|2
ἅδην|obj|2
σταυρός|obj|2
μέλας|obj|2
κλεπτοσύνη|obj|2
σποδός|obj|2
ἅδος|obj|2
Λειώκριτος|obj|2
οἴκοι|obj|2
ἀτύζω|obj|2
παραείδω|obj|2
μάρπτω|obj|2
ἕπω|obj|2
ἐμός|obj|2
πολεμιστής|obj|2
Καύκωνες|obj|2
γείνομαι|obj|2
πεῖσα|obj|2
̓ἰασίων|obj|2
πενία|obj|2
Λεσβόθεν|obj|2
Λαοδάμεια|obj|2
ἐκγίγνομαι|obj|2
μαινάς|obj|2
δοιώ|obj|2
ἀλείτης|obj|2
ὀπίσσω|obj|2
ἰάομαι|obj|2
ἐπαγλαίζω|obj|2
πέτομαι|obj|2
μύλη|obj|2
κηληθμός|obj|2
βουλυτόνδε|obj|2
προμίγνυμι|obj|2
περιίστημι|obj|2
ἀκμή|obj|2
Τυνδάρεος|obj|2
δουλιχίον|obj|2
δεύτερος|obj|2
βρέφος|obj|2
Γεραιστός|obj|2
Φρυγία|obj|2
ὑποφεύγω|obj|2
δίπλαξ|obj|2
αἰχμητής|obj|2
ὑψοῦ|obj|2
ὑπόβρυχα|obj|2
χοῖνιξ|obj|2
πάτος|obj|2
φήνη|obj|2
ἠλακάτη|obj|2
πομπεύς|obj|2
γοάω|obj|2
Δρύοψ|obj|2
ὀρσοθύρη|obj|2
Πείραιος|obj|2
ῥώξ|obj|2
πτόρθος|obj|2
κριός|obj|2
Μαίων|obj|2
συμφράζομαι|obj|2
κευθμός|obj|2
ἡλικία|obj|2
ἀντιάω|obj|2
ὄνησις|obj|2
ἔλεος|obj|2
Σικανία|obj|2
λωίων|obj|2
χρή|obj|2
καταλέγω|obj|2
γλήνη|obj|2
Μούλιος|obj|2
Καλήτωρ|obj|2
ἦθος|obj|2
Εὐρυδάμας|obj|2
ἄσπετος|obj|2
σκότος|obj|2
ἤλεκτρον|obj|2
μέλπω|obj|2
Ἑκάεργος|obj|2
παρεῖπον|obj|2
ἀνέρομαι|obj|2
Λήιτος|obj|2
Αἴγυπτόνδε|obj|2
ναυτίλλομαι|obj|2
Ἄκαστος|obj|2
πρόβασις|obj|2
Ὀιλεύς|obj|2
Αἴσηπος|obj|2
Βουκολίων|obj|2
Διοκλῆς|obj|2
Μῄων|obj|2
φοῖνιξ|obj|2
ἀέθλιος|obj|2
ὀνομάζω|obj|2
ψῦχος|obj|2
Ἔρις|obj|2
ποντόθεν|obj|2
ἴτυς|obj|2
ἐξαπαφίσκω|obj|2
παραρρητός|obj|2
Ὄρμενος|obj|2
νηπύτιος|obj|2
Ἔλατος|obj|2
κρείσσων|obj|2
προσμυθέομαι|obj|2
ὑπέρα|obj|2
κάλως|obj|2
ἰνίον|obj|2
θρωσμός|obj|2
ὤλξ|obj|2
προτέμνω|obj|2
παραμένω|obj|2
ἐπητύς|obj|2
τῆλε|obj|2
μόθος|obj|2
ῥίψ|obj|2
γλῆνος|obj|2
Ἀγάθων|obj|2
Δῖος|obj|2
Πάμμων|obj|2
Ἀντίφονος|obj|2
Πολίτης|obj|2
Ἀβυδόθεν|obj|2
ἄδυτον|obj|2
Σπάρτηθεν|obj|2
ἄκριτος|obj|2
μείλια|obj|2
μείλιον|obj|2
ὅτι|obj|2
ὅ|obj|2
Ἴφιτος|obj|2
ἐπίβαθρον|obj|2
ξυστόν|obj|2
Ἄδαμας|obj|2
ἄσιος|obj|2
ἀσθμαίνω|obj|2
Πανέλληνες|obj|2
Ἰδαῖος|obj|2
ὑπόδρα|obj|2
ὑποκλοπέομαι|obj|2
ἥκω|obj|2
δέ|obj|2
πρυλέες|obj|2
ἐπίκριον|obj|2
Κάλχας|obj|2
Ἐρύλαος|obj|2
κόρσης|obj|2
μύλαξ|obj|2
ἠρίον|obj|2
Θυμβραῖος|obj|2
Ἠϊονῆς|obj|2
ἰγνύα|obj|2
ὑπένερθε|obj|2
πτύον|obj|2
μυών|obj|2
Δόλιος|obj|2
Κένταυρος|obj|2
λύσις|obj|2
χέρνιβον|obj|2
δμῆσις|obj|2
Τίρυνς|obj|2
Ἑρμιόνη|obj|2
Ἀσίνη|obj|2
Τροιζήν|obj|2
Ἠιόνες|obj|2
Ἐπίδαυρος|obj|2
Αἴγινα|obj|2
Μάσης|obj|2
ἀστεροπή|obj|2
Ὀρμένιος|obj|2
Ἀστέριον|obj|2
δρεπάνη|obj|2
ἁματροχιά|obj|2
λύχνον|obj|2
ἀπόπροθεν|obj|2
ξερόν|obj|2
προτρέπω|obj|2
ἕκτωρ|obj|2
Πορθεύς|obj|2
αἰνόμορος|obj|2
Βατίεια|obj|2
ʽἑκάεργος|obj|2
πάτρα|obj|2
γεραρός|obj|2
Ἁλιζῶνες|obj|2
Ἀλύβη|obj|2
ἐφάπτω|obj|2
περιξεστός|obj|2
φονεύς|obj|2
Τάφιοι|obj|2
προλείπω|obj|2
μυκηθμός|obj|2
βληχή|obj|2
Ἀχέρων|obj|2
τρίτατος|obj|2
ἀπαμάω|obj|2
θαλύσια|obj|2
ἑλίσσω|obj|2
Φαιστός|obj|2
εὐαγγέλιον|obj|2
Ἡρακλέης|obj|2
τρέω|obj|2
ἐπιδιφριάς|obj|2
λίνος|obj|2
σφονδύλιος|obj|2
κλαγγή|obj|2
ἄνω|obj|2
τίς|obj|2
τί|obj|2
χαλεπός|obj|2
ἔσω|obj|2
κρέα|obj|2
τρόφις|obj|2
ἠγερέθομαι|obj|2
περιβάλλω|obj|2
φράτρα|obj|2
ἄνυσις|obj|2
τερπωλή|obj|2
μῶμος|obj|2
Σαλαμίς|obj|2
λοφιά|obj|2
ὁμός|obj|2
θύσθλα|obj|2
βουπλήξ|obj|2
Νιόβη|obj|2
ἀλυσκάζω|obj|2
Ἀμφίνομος|obj|2
φυλακός|obj|2
συλεύω|obj|2
πέλωρον|obj|2
ἀτασθαλία|obj|2
Τηλέπυλος|obj|2
ἀφικάνω|obj|2
ἔδαφος|obj|2
τεκτοσύνη|obj|2
ἀμφαφάω|obj|2
ἀνανέομαι|obj|2
ἀείρω|obj|2
Ῥίγμος|obj|2
ἰαχή|obj|2
στυφελίζω|obj|2
στενωπός|obj|2
ἑλκηθμός|obj|2
Προῖτος|obj|2
Ἀτρείων|obj|2
Φαίδρη|obj|2
Πρόκρις|obj|2
ἔλδομαι|obj|2
Μελάνθιος|obj|2
χιών|obj|2
κρύσταλλος|obj|2
πάντοσε|obj|2
ἀντιφερίζω|obj|2
ῥαιστήρ|obj|2
πυράγρα|obj|2
σχίζα|obj|2
πέμπτος|obj|2
ἄντηστις|obj|2
Φήμιος|obj|2
τοξάζομαι|obj|2
ὄροφος|obj|2
λειμωνόθεν|obj|2
λαγχάνω|obj|2
Λίνος|obj|2
χαλκίς|obj|2
κύμινδις|obj|2
πελεμίζω|obj|2
Ἀπείρηθεν|obj|2
Σειρήν|obj|1
θέλγω|obj|1
συμμητιάομαι|obj|1
Φοινίκη|obj|1
Δημήτηρ|obj|1
ἀξίνη|obj|1
Κοίρανος|obj|1
Ἀλάστωρ|obj|1
Ἄλκανδρος|obj|1
Πρύτανις|obj|1
Μηκιστεύς|obj|1
Κλονίος|obj|1
Σχεδίος|obj|1
Λαοδάμας|obj|1
Θερσίλοχος|obj|1
Ἀστύπυλος|obj|1
Μνῆσος|obj|1
Θρασίος|obj|1
Αἴνιος|obj|1
Πυλαιμένης|obj|1
λυκέη|obj|1
Σόλυμοι|obj|1
ἀσχαλάω|obj|1
ἔκπαγλος|obj|1
νότιος|obj|1
τεῦκρος|obj|1
Λήι|obj|1
Πηνέλεως|obj|1
Δηιπυρός|obj|1
Οὖτις|obj|1
νομόνδε|obj|1
φλοῖσβος|obj|1
Δημολέων|obj|1
Ἀγάστροφος|obj|1
στόμαχος|obj|1
ἐριδαίνω|obj|1
ϝέκταρ|obj|1
ἀπολέπω|obj|1
ἐπαρά|obj|1
ὕπαιθα|obj|1
ἀστράγαλος|obj|1
Ἀι|obj|1
Ἀϊδόσδε|obj|1
ὄγμος|obj|1
ἀκτίς|obj|1
ἀθλητής|obj|1
πολύπλαγκτος|obj|1
μοιχάγρια|obj|1
ἀποθύμιος|obj|1
δειροτομέω|obj|1
πρυμνός|obj|1
θημών|obj|1
παραφεύγω|obj|1
βιόω|obj|1
τιθήνη|obj|1
Νῦσα|obj|1
λαισήιον|obj|1
Λαπίθαι|obj|1
τηλέμαχος|obj|1
ἐπέοικε|obj|1
Μέγης|obj|1
Λυκομήδης|obj|1
κρήγυος|obj|1
Εὐρυνόμη|obj|1
Θοώτης|obj|1
Λαοδίκη|obj|1
Κρήτηθεν|obj|1
Δαμαστορίδης|obj|1
ζυγόδεσμον|obj|1
ὄγκιον|obj|1
τέρετρον|obj|1
δέκα|obj|1
Ναυσίθοος|obj|1
θάμβος|obj|1
Θεοκλύμενος|obj|1
Θέστωρ|obj|1
αἰτιάομαι|obj|1
Τιθωνός|obj|1
Λάμπος|obj|1
Κλυτίος|obj|1
Ἱκετάων|obj|1
Ἐριχθόνιος|obj|1
Ἰλιονεύς|obj|1
Δανάη|obj|1
Περσεύς|obj|1
Κάπυς|obj|1
̓ἀγχίσης|obj|1
Ῥηξήνωρ|obj|1
Κρηθεύς|obj|1
Π́ερση|obj|1
Πελίης|obj|1
ὑποστρέφω|obj|1
λαυκανίη|obj|1
Πυθώδε|obj|1
Πλευρών|obj|1
Ὤλενος|obj|1
Πυλήνη|obj|1
Κῦνος|obj|1
Καλλίαρος|obj|1
Βῆσσα|obj|1
Σκάρφη|obj|1
Τάρφη|obj|1
Θρόνιον|obj|1
ὑποσχεσίη|obj|1
δάμαρ|obj|1
Μένων|obj|1
Ἰαμενός|obj|1
Ἀμφοτερός|obj|1
Ἐπάλτης|obj|1
Πύρις|obj|1
Ἰφεύς|obj|1
Εὔιππος|obj|1
Πολύμηλος|obj|1
Ὀρσίλοχος|obj|1
Δαίτωρ|obj|1
Λυκοφόντης|obj|1
Ἀμοπάων|obj|1
ὄνομαι|obj|1
Τάρνη|obj|1
Ἄβληρος|obj|1
δίεμαι|obj|1
ἰσοφαρίζω|obj|1
συβόσιον|obj|1
ἐρῳδιός|obj|1
ἀστήρ|obj|1
συνημοσύνη|obj|1
εὔπλοια|obj|1
μηλέα|obj|1
συκέα|obj|1
λουτροχόος|obj|1
ῥηξηνορία|obj|1
ὀτρυντύς|obj|1
Ἀρήτη|obj|1
πνοιή|obj|1
ἰχώρ|obj|1
ἴχνος|obj|1
ἀμφιμάχομαι|obj|1
κλητός|obj|1
ἄξων|obj|1
Ἰφίνοος|obj|1
Δάμασος|obj|1
διαμπερές|obj|1
θυηλή|obj|1
Ἀμφιμέδων|obj|1
Πόλυβος|obj|1
μάστις|obj|1
ἰωή|obj|1
ποῦ|obj|1
Λάρισα|obj|1
πίτυς|obj|1
κτίλος|obj|1
ἐξονομαίνω|obj|1
Νίσυρος|obj|1
Κάρπαθος|obj|1
Κάσος|obj|1
Τρίκκη|obj|1
Ἰθώμη|obj|1
πεμπώβολον|obj|1
Κάρ|obj|1
Μίλητος|obj|1
Σκαιαί|obj|1
ἐπηετανός|obj|1
ἀμνίον|obj|1
ἐπίθημα|obj|1
τιτρώσκω|obj|1
ἄμαθος|obj|1
Σιδών|obj|1
δόσις|obj|1
ξυνεείκοσι|obj|1
ἔνδον|obj|1
μαρμαρυγή|obj|1
συφορβός|obj|1
Λύκιος|obj|1
μήστωρ|obj|1
ῥιγέω|obj|1
Λαέρκης|obj|1
Ἐνοσίχθων|obj|1
αἶσις|obj|1
ἐνηείη|obj|1
σχοῖνος|obj|1
εἰλαπίνη|obj|1
πέδονδε|obj|1
Ἀμαζών|obj|1
κατέπεφνον|obj|1
νεότης|obj|1
Μυκήνηθεν|obj|1
σέλινον|obj|1
Ἀστύαλος|obj|1
Δημοπτόλεμος|obj|1
Εὐρυάδης|obj|1
οἴομαι|obj|1
σῦριγξ|obj|1
Διώρης|obj|1
ἀναίνομαι|obj|1
ἅλλομαι|obj|1
ἀκοίτης|obj|1
ἑκάτερθε|obj|1
̓ἀλέξανδρος|obj|1
ξυνήιος|obj|1
ἀνέζομαι|obj|1
ὀδύσσομαι|obj|1
ἀπονόσφι|obj|1
Κρουνοί|obj|1
γυμνόω|obj|1
Ὀϊλιάδης|obj|1
ἐπίσωτρον|obj|1
Θέμις|obj|1
παρεξέρχομαι|obj|1
οὐτιδανός|obj|1
στεῖνος|obj|1
Μαῖρα|obj|1
Κλυμένη|obj|1
Ἐριφύλη|obj|1
ἄνεω|obj|1
Φάλκης|obj|1
Μέρμερος|obj|1
Δρῆσον|obj|1
Ὀφέλτιος|obj|1
Ἱππόδαμος|obj|1
Ὑπείροχος|obj|1
Πύλων|obj|1
Ἴασος|obj|1
Σιμοείσιος|obj|1
Πιδύτης|obj|1
Ἀρετάων|obj|1
Παιονίδης|obj|1
Περίφας|obj|1
ῥοῖζος|obj|1
ἄσις|obj|1
ὑπερῴα|obj|1
ἀνεμώλιος|obj|1
ἅρπη|obj|1
ἀποτίθημι|obj|1
φαίαξ|obj|1
ὄψος|obj|1
κώρυκος|obj|1
Μυσός|obj|1
δατέομαι|obj|1
Φλέγυας|obj|1
δειπνέω|obj|1
βασίλεια|obj|1
πρόξ|obj|1
ἀμφράζομαι|obj|1
ἐπιέννυμι|obj|1
ἐκτέμνω|obj|1
μύρω|obj|1
τελευτή|obj|1
ῥήτρα|obj|1
Λοκροί|obj|1
Ναυσικάα|obj|1
παλαισμοσύνη|obj|1
῞ἥρα|obj|1
αἰδέομαι|obj|1
ὁμόθεν|obj|1
φλοιός|obj|1
νέος|obj|1
γύψ|obj|1
Κύφος|obj|1
Φρύξ|obj|1
δούλη|obj|1
Σκῦρος|obj|1
